"","field_1","species","decimallon","decimallat","issues","countryCod","occurrence","coordinate","institutio","gbifID","references","basisOfRec","year","month","day","eventDate","geodeticDa"
"1",2479716,"Eichhornia crassipes",-85.50495,32.67152,NA,NA,"PRESENT",NA,"EDDMaps",NA,NA,NA,1970,5,17,"05-17-70","WGS84"
"2",2470473,"Eichhornia crassipes",-120.89686,37.29438,NA,NA,"PRESENT",NA,"EDDMaps",NA,NA,NA,1970,8,17,"08-17-70","WGS84"
"3",3806293,"Eichhornia crassipes",-96.43,19.76,NA,NA,"PRESENT",NA,"EDDMaps",NA,NA,NA,1970,11,21,"11-21-70","WGS84"
"4",2463265,"Eichhornia crassipes",-81.27273,28.80483,NA,NA,"PRESENT",NA,"EDDMaps",NA,NA,NA,1971,1,1,"01-01-71","WGS84"
"5",2463266,"Eichhornia crassipes",-80.65737,28.13346,NA,NA,"PRESENT",NA,"EDDMaps",NA,NA,NA,1971,1,1,"01-01-71","WGS84"
"6",3707010,"Eichhornia crassipes",-96.49,19.32,NA,NA,"PRESENT",NA,"EDDMaps",NA,NA,NA,1971,8,5,"08-05-71","WGS84"
"7",3770586,"Eichhornia crassipes",-99.1,19.26,NA,NA,"PRESENT",NA,"EDDMaps",NA,NA,NA,1971,10,17,"10-17-71","WGS84"
"8",2469045,"Eichhornia crassipes",-95.69438,29.57919,NA,NA,"PRESENT",NA,"EDDMaps",NA,NA,NA,1971,11,6,"11-06-71","WGS84"
"9",2463271,"Eichhornia crassipes",-81.83802,29.5182,NA,NA,"PRESENT",NA,"EDDMaps",NA,NA,NA,1972,1,1,"01-01-72","WGS84"
"10",2464497,"Eichhornia crassipes",-120.83464,37.37522,NA,NA,"PRESENT",NA,"EDDMaps",NA,NA,NA,1972,1,1,"01-01-72","WGS84"
"11",3770636,"Eichhornia crassipes",-93.3,16.35,NA,NA,"PRESENT",NA,"EDDMaps",NA,NA,NA,1972,4,17,"04-17-72","WGS84"
"12",2469048,"Eichhornia crassipes",-94.84679,30.162,NA,NA,"PRESENT",NA,"EDDMaps",NA,NA,NA,1972,9,16,"09-16-72","WGS84"
"13",2463522,"Eichhornia crassipes",-81.68198,28.86557,NA,NA,"PRESENT",NA,"EDDMaps",NA,NA,NA,1972,9,20,"09-20-72","WGS84"
"14",1986,"Eichhornia crassipes",-90.77437,30.249178,"colmano,inmafu","USA","PRESENT",461,"NCU",2234268798,"https://sernecportal.org/portal/collections/individual/index.php?occid=10236526","PRESERVED_SPECIMEN",1972,4,21,"1972-04-21","WGS84"
"15",1987,"Eichhornia crassipes",150.2833,-28.1667,"colmafu,inmafu","AUS","PRESENT",1000,"CANB",2830226126,"https://biocache.ala.org.au/occurrences/66f5822c-5681-406d-846f-717fe0dbb0ae","PRESERVED_SPECIMEN",1972,12,4,"1972-12-04","WGS84"
"16",3628044,"Eichhornia crassipes",-94.1,17.95,NA,NA,"PRESENT",NA,"EDDMaps",NA,NA,NA,1973,4,14,"04-14-73","WGS84"
"17",3735603,"Eichhornia crassipes",-103.18,20.28,NA,NA,"PRESENT",NA,"EDDMaps",NA,NA,NA,1973,4,15,"04-15-73","WGS84"
"18",3877667,"Eichhornia crassipes",-97.98,22.38,NA,NA,"PRESENT",NA,"EDDMaps",NA,NA,NA,1973,4,21,"04-21-73","WGS84"
"19",3735583,"Eichhornia crassipes",-102.54,20.28,NA,NA,"PRESENT",NA,"EDDMaps",NA,NA,NA,1973,5,1,"05-01-73","WGS84"
"20",2463362,"Eichhornia crassipes",-89.82372,31.2409,NA,NA,"PRESENT",NA,"EDDMaps",NA,NA,NA,1974,1,1,"01-01-74","WGS84"
"21",2463982,"Eichhornia crassipes",-90.30537,32.29433,NA,NA,"PRESENT",NA,"EDDMaps",NA,NA,NA,1974,1,1,"01-01-74","WGS84"
"22",2464103,"Eichhornia crassipes",-89.27621,31.26302,NA,NA,"PRESENT",NA,"EDDMaps",NA,NA,NA,1974,1,1,"01-01-74","WGS84"
"23",3806238,"Eichhornia crassipes",-95.6,18.66,NA,NA,"PRESENT",NA,"EDDMaps",NA,NA,NA,1974,9,16,"09-16-74","WGS84"
"24",2464692,"Eichhornia crassipes",-157.75886,21.39362,NA,NA,"PRESENT",NA,"EDDMaps",NA,NA,NA,1975,1,1,"01-01-75","WGS84"
"25",2466832,"Eichhornia crassipes",-80.67947,28.38717,NA,NA,"PRESENT",NA,"EDDMaps",NA,NA,NA,1975,1,1,"01-01-75","WGS84"
"26",2467376,"Eichhornia crassipes",-121.54411,38.00048,NA,NA,"PRESENT",NA,"EDDMaps",NA,NA,NA,1975,9,1,"09-01-75","WGS84"
"27",2466567,"Eichhornia crassipes",-92.01005,31.5861,NA,NA,"PRESENT",NA,"EDDMaps",NA,NA,NA,1975,9,21,"09-24-75","WGS84"
"28",3735606,"Eichhornia crassipes",-103.15,20.34,NA,NA,"PRESENT",NA,"EDDMaps",NA,NA,NA,1975,10,21,"10-24-75","WGS84"
"29",3770641,"Eichhornia crassipes",-99.14,19.82,NA,NA,"PRESENT",NA,"EDDMaps",NA,NA,NA,1975,11,9,"11-09-75","WGS84"
"30",3806314,"Eichhornia crassipes",-99.12,19.8,NA,NA,"PRESENT",NA,"EDDMaps",NA,NA,NA,1975,11,9,"11-09-75","WGS84"
"31",3770638,"Eichhornia crassipes",-98.74,20.8,NA,NA,"PRESENT",NA,"EDDMaps",NA,NA,NA,1976,5,15,"05-15-76","WGS84"
"32",3707001,"Eichhornia crassipes",-98.12,21.65,NA,NA,"PRESENT",NA,"EDDMaps",NA,NA,NA,1976,5,18,"05-18-76","WGS84"
"33",2467384,"Eichhornia crassipes",-80.86587,26.9651,NA,NA,"PRESENT",NA,"EDDMaps",NA,NA,NA,1976,7,1,"07-01-76","WGS84"
"34",2467385,"Eichhornia crassipes",-80.4543,26.145,NA,NA,"PRESENT",NA,"EDDMaps",NA,NA,NA,1976,7,1,"07-01-76","WGS84"
"35",3707005,"Eichhornia crassipes",-95.95,18.62,NA,NA,"PRESENT",NA,"EDDMaps",NA,NA,NA,1976,7,28,"07-28-76","WGS84"
"36",3707004,"Eichhornia crassipes",-95.08,18.4,NA,NA,"PRESENT",NA,"EDDMaps",NA,NA,NA,1976,7,30,"07-30-76","WGS84"
"37",2467379,"Eichhornia crassipes",-94.74187,29.8355,NA,NA,"PRESENT",NA,"EDDMaps",NA,NA,NA,1976,8,1,"08-01-76","WGS84"
"38",2467380,"Eichhornia crassipes",-95.52466,29.63218,NA,NA,"PRESENT",NA,"EDDMaps",NA,NA,NA,1976,8,1,"08-01-76","WGS84"
"39",2467381,"Eichhornia crassipes",-92.12757,29.97352,NA,NA,"PRESENT",NA,"EDDMaps",NA,NA,NA,1976,8,1,"08-01-76","WGS84"
"40",2467382,"Eichhornia crassipes",-91.21899,29.69465,NA,NA,"PRESENT",NA,"EDDMaps",NA,NA,NA,1976,8,1,"08-01-76","WGS84"
"41",2467383,"Eichhornia crassipes",-90.99065,29.68688,NA,NA,"PRESENT",NA,"EDDMaps",NA,NA,NA,1976,8,1,"08-01-76","WGS84"
"42",2467377,"Eichhornia crassipes",-120.47803,37.30585,NA,NA,"PRESENT",NA,"EDDMaps",NA,NA,NA,1976,9,1,"09-01-76","WGS84"
"43",3570786,"Eichhornia crassipes",-107.44,24.75,NA,NA,"PRESENT",NA,"EDDMaps",NA,NA,NA,1976,10,7,"10-07-76","WGS84"
"44",2469038,"Eichhornia crassipes",-96.34198,30.63495,NA,NA,"PRESENT",NA,"EDDMaps",NA,NA,NA,1976,10,19,"10-19-76","WGS84"
"45",2465701,"Eichhornia crassipes",-80.09999,34.97932,NA,NA,"PRESENT",NA,"EDDMaps",NA,NA,NA,1977,1,1,"01-01-77","WGS84"
"46",2465702,"Eichhornia crassipes",-78.5887,34.59547,NA,NA,"PRESENT",NA,"EDDMaps",NA,NA,NA,1977,1,1,"01-01-77","WGS84"
"47",2479772,"Eichhornia crassipes",-75.97732,36.84556,NA,NA,"PRESENT",NA,"EDDMaps",NA,NA,NA,1977,1,1,"01-01-77","WGS84"
"48",3707002,"Eichhornia crassipes",-96.87,19.55,NA,NA,"PRESENT",NA,"EDDMaps",NA,NA,NA,1977,5,12,"05-12-77","WGS84"
"49",3806332,"Eichhornia crassipes",-100.84,17.85,NA,NA,"PRESENT",NA,"EDDMaps",NA,NA,NA,1977,5,20,"05-20-77","WGS84"
"50",3778366,"Eichhornia crassipes",-99.09,19.79,NA,NA,"PRESENT",NA,"EDDMaps",NA,NA,NA,1977,11,27,"11-27-77","WGS84"
"51",1983,"Eichhornia crassipes",141.75,-15.5,"colmafu,inmafu","AUS","PRESENT",1000,"CANB",2828200600,"https://biocache.ala.org.au/occurrences/b80b1678-1c81-4d85-98fa-f09d88ac098c","PRESERVED_SPECIMEN",1977,7,23,"1977-07-23","WGS84"
"52",1984,"Eichhornia crassipes",-120.841438,37.367858,"gass84","USA","PRESENT",969,"CDA",3059666891,"https://cch2.org/portal/collections/individual/index.php?occid=4069896","PRESERVED_SPECIMEN",1977,9,28,"1977-09-28","WGS84"
"53",1985,"Eichhornia crassipes",-87.401856,32.106298,"colmano,inmafu","USA","PRESENT",969,"NCU",2234268902,"https://sernecportal.org/portal/collections/individual/index.php?occid=10236616","PRESERVED_SPECIMEN",1977,10,9,"1977-10-09","WGS84"
"54",3735605,"Eichhornia crassipes",-101.61,19.56,NA,NA,"PRESENT",NA,"EDDMaps",NA,NA,NA,1978,4,1,"04-01-78","WGS84"
"55",2479717,"Eichhornia crassipes",-85.7886,32.4497,NA,NA,"PRESENT",NA,"EDDMaps",NA,NA,NA,1978,5,22,"05-22-78","WGS84"
"56",2463545,"Eichhornia crassipes",-82.43899,33.04091,NA,NA,"PRESENT",NA,"EDDMaps",NA,NA,NA,1978,7,1,"07-01-78","WGS84"
"57",2463546,"Eichhornia crassipes",-82.66974,30.61958,NA,NA,"PRESENT",NA,"EDDMaps",NA,NA,NA,1978,7,1,"07-01-78","WGS84"
"58",2463548,"Eichhornia crassipes",-81.60417,32.00305,NA,NA,"PRESENT",NA,"EDDMaps",NA,NA,NA,1978,7,1,"07-01-78","WGS84"
"59",2463563,"Eichhornia crassipes",-81.53881,32.41315,NA,NA,"PRESENT",NA,"EDDMaps",NA,NA,NA,1978,7,1,"07-01-78","WGS84"
"60",3735674,"Eichhornia crassipes",-100.13,20.09,NA,NA,"PRESENT",NA,"EDDMaps",NA,NA,NA,1978,7,16,"07-16-78","WGS84"
"61",3806299,"Eichhornia crassipes",-92.99,18.19,NA,NA,"PRESENT",NA,"EDDMaps",NA,NA,NA,1978,12,14,"12-14-78","WGS84"
"62",2463272,"Eichhornia crassipes",-90.48009,30.06659,NA,NA,"PRESENT",NA,"EDDMaps",NA,NA,NA,1979,1,1,"01-01-79","WGS84"
"63",2463363,"Eichhornia crassipes",-81.48354,31.21456,NA,NA,"PRESENT",NA,"EDDMaps",NA,NA,NA,1979,1,1,"01-01-79","WGS84"
"64",2463695,"Eichhornia crassipes",-81.29196,31.63818,NA,NA,"PRESENT",NA,"EDDMaps",NA,NA,NA,1979,1,1,"01-01-79","WGS84"
"65",2468288,"Eichhornia crassipes",-92.65927,32.56505,NA,NA,"PRESENT",NA,"EDDMaps",NA,NA,NA,1979,1,1,"01-01-79","WGS84"
"66",2468289,"Eichhornia crassipes",-92.13039,32.08438,NA,NA,"PRESENT",NA,"EDDMaps",NA,NA,NA,1979,1,1,"01-01-79","WGS84"
"67",2468290,"Eichhornia crassipes",-90.72945,30.8136,NA,NA,"PRESENT",NA,"EDDMaps",NA,NA,NA,1979,1,1,"01-01-79","WGS84"
"68",3347727,"Eichhornia crassipes",-93.01,18.2,NA,NA,"PRESENT",NA,"EDDMaps",NA,NA,NA,1979,1,17,"01-17-79","WGS84"
"69",3628042,"Eichhornia crassipes",-102.31,22.14,NA,NA,"PRESENT",NA,"EDDMaps",NA,NA,NA,1979,6,12,"06-12-79","WGS84"
"70",3806235,"Eichhornia crassipes",-102.29,22.13,NA,NA,"PRESENT",NA,"EDDMaps",NA,NA,NA,1979,6,12,"06-12-79","WGS84"
"71",2463972,"Eichhornia crassipes",-84.14518,31.61878,NA,NA,"PRESENT",NA,"EDDMaps",NA,NA,NA,1979,9,1,"09-01-79","WGS84"
"72",3806237,"Eichhornia crassipes",-101.2,19.7,NA,NA,"PRESENT",NA,"EDDMaps",NA,NA,NA,1979,9,1,"09-01-79","WGS84"
"73",2463251,"Eichhornia crassipes",-80.67379,26.32589,NA,NA,"PRESENT",NA,"EDDMaps",NA,NA,NA,1980,1,1,"01-01-80","WGS84"
"74",2463267,"Eichhornia crassipes",-90.82741,29.4668,NA,NA,"PRESENT",NA,"EDDMaps",NA,NA,NA,1980,1,1,"01-01-80","WGS84"
"75",2463268,"Eichhornia crassipes",-90.23895,29.73338,NA,NA,"PRESENT",NA,"EDDMaps",NA,NA,NA,1980,1,1,"01-01-80","WGS84"
"76",2463269,"Eichhornia crassipes",-92.4331,29.64216,NA,NA,"PRESENT",NA,"EDDMaps",NA,NA,NA,1980,1,1,"01-01-80","WGS84"
"77",2463270,"Eichhornia crassipes",-91.42844,29.75965,NA,NA,"PRESENT",NA,"EDDMaps",NA,NA,NA,1980,1,1,"01-01-80","WGS84"
"78",3735592,"Eichhornia crassipes",-101.12,20.25,NA,NA,"PRESENT",NA,"EDDMaps",NA,NA,NA,1980,10,24,"10-24-80","WGS84"
"79",3735640,"Eichhornia crassipes",-103.63,20.43,NA,NA,"PRESENT",NA,"EDDMaps",NA,NA,NA,1980,11,5,"11-05-80","WGS84"
"80",3735638,"Eichhornia crassipes",-102.7,20.29,NA,NA,"PRESENT",NA,"EDDMaps",NA,NA,NA,1980,11,20,"11-20-80","WGS84"
"81",3578425,"Eichhornia crassipes",-98.79,20.8,NA,NA,"PRESENT",NA,"EDDMaps",NA,NA,NA,1980,12,13,"12-13-80","WGS84"
"82",1982,"Eichhornia crassipes",-82.592476,28.884126,"gass84","USA","PRESENT",199,"iNaturalist",2236201526,"https://www.inaturalist.org/observations/18540037","HUMAN_OBSERVATION",1980,1,1,"1980-01-01","WGS84"
"83",2466555,"Eichhornia crassipes",-96.62049,28.53633,NA,NA,"PRESENT",NA,"EDDMaps",NA,NA,NA,1981,7,19,"07-19-81","WGS84"
"84",2470490,"Eichhornia crassipes",-121.88495,36.59913,NA,NA,"PRESENT",NA,"EDDMaps",NA,NA,NA,1981,8,11,"08-11-81","WGS84"
"85",2479719,"Eichhornia crassipes",-86.09985,32.3846,NA,NA,"PRESENT",NA,"EDDMaps",NA,NA,NA,1981,8,11,"08-11-81","WGS84"
"86",3347724,"Eichhornia crassipes",-104.24,23.84,NA,NA,"PRESENT",NA,"EDDMaps",NA,NA,NA,1981,9,19,"09-19-81","WGS84"
"87",3613993,"Eichhornia crassipes",-90.27,18.64,NA,NA,"PRESENT",NA,"EDDMaps",NA,NA,NA,1981,10,20,"10-20-81","WGS84"
"88",3707000,"Eichhornia crassipes",-90.3,18.62,NA,NA,"PRESENT",NA,"EDDMaps",NA,NA,NA,1981,10,20,"10-20-81","WGS84"
"89",2469042,"Eichhornia crassipes",-94.80141,32.15678,NA,NA,"PRESENT",NA,"EDDMaps",NA,NA,NA,1981,11,4,"11-04-81","WGS84"
"90",3621277,"Eichhornia crassipes",-92.83,18.24,NA,NA,"PRESENT",NA,"EDDMaps",NA,NA,NA,1981,11,10,"11-10-81","WGS84"
"91",1981,"Eichhornia crassipes",30.952636,-17.934538,"gass84","ZWE","PRESENT",30,"iNaturalist",1802666132,"https://www.inaturalist.org/observations/9074940","HUMAN_OBSERVATION",1981,11,3,"1981-11-03","WGS84"
"92",2463361,"Eichhornia crassipes",-84.20296,32.05197,NA,NA,"PRESENT",NA,"EDDMaps",NA,NA,NA,1982,1,1,"01-01-82","WGS84"
"93",2464044,"Eichhornia crassipes",-83.92113,31.92419,NA,NA,"PRESENT",NA,"EDDMaps",NA,NA,NA,1982,1,1,"01-01-82","WGS84"
"94",2464505,"Eichhornia crassipes",-84.7338,31.16618,NA,NA,"PRESENT",NA,"EDDMaps",NA,NA,NA,1982,1,1,"01-01-82","WGS84"
"95",2464664,"Eichhornia crassipes",-83.84067,31.55698,NA,NA,"PRESENT",NA,"EDDMaps",NA,NA,NA,1982,1,1,"01-01-82","WGS84"
"96",2465768,"Eichhornia crassipes",-83.66521,32.82969,NA,NA,"PRESENT",NA,"EDDMaps",NA,NA,NA,1982,1,1,"01-01-82","WGS84"
"97",2466082,"Eichhornia crassipes",-89.07954,30.4279,NA,NA,"PRESENT",NA,"EDDMaps",NA,NA,NA,1982,1,1,"01-01-82","WGS84"
"98",2466083,"Eichhornia crassipes",-90.83702,32.91509,NA,NA,"PRESENT",NA,"EDDMaps",NA,NA,NA,1982,1,1,"01-01-82","WGS84"
"99",2466296,"Eichhornia crassipes",-121.55217,37.97659,NA,NA,"PRESENT",NA,"EDDMaps",NA,NA,NA,1982,1,1,"01-01-82","WGS84"
"100",3706998,"Eichhornia crassipes",-92.09,18.3,NA,NA,"PRESENT",NA,"EDDMaps",NA,NA,NA,1982,1,16,"01-16-82","WGS84"
"101",2466300,"Eichhornia crassipes",-85.93737,31.79217,NA,NA,"PRESENT",NA,"EDDMaps",NA,NA,NA,1982,2,1,"02-01-82","WGS84"
"102",3707022,"Eichhornia crassipes",-92.12,18.09,NA,NA,"PRESENT",NA,"EDDMaps",NA,NA,NA,1982,2,4,"02-04-82","WGS84"
"103",3706995,"Eichhornia crassipes",-92.01,17.71,NA,NA,"PRESENT",NA,"EDDMaps",NA,NA,NA,1982,2,9,"02-09-82","WGS84"
"104",3424059,"Eichhornia crassipes",-92.1,18.61,NA,NA,"PRESENT",NA,"EDDMaps",NA,NA,NA,1982,2,10,"02-10-82","WGS84"
"105",3778353,"Eichhornia crassipes",-96.72,19.92,NA,NA,"PRESENT",NA,"EDDMaps",NA,NA,NA,1982,2,19,"02-19-82","WGS84"
"106",3707013,"Eichhornia crassipes",-96.79,19.48,NA,NA,"PRESENT",NA,"EDDMaps",NA,NA,NA,1982,3,18,"03-18-82","WGS84"
"107",3578432,"Eichhornia crassipes",-96.77,19.49,NA,NA,"PRESENT",NA,"EDDMaps",NA,NA,NA,1982,3,23,"03-23-82","WGS84"
"108",3735596,"Eichhornia crassipes",-103.42,20.29,NA,NA,"PRESENT",NA,"EDDMaps",NA,NA,NA,1982,10,12,"10-12-82","WGS84"
"109",3735582,"Eichhornia crassipes",-103.59,20.42,NA,NA,"PRESENT",NA,"EDDMaps",NA,NA,NA,1982,10,30,"10-30-82","WGS84"
"110",3806290,"Eichhornia crassipes",-96.73,19.91,NA,NA,"PRESENT",NA,"EDDMaps",NA,NA,NA,1982,11,19,"11-19-82","WGS84"
"111",1976,"Eichhornia crassipes",30.951597,-17.96078,"gass84","ZWE","PRESENT",100,"iNaturalist",1802666167,"https://www.inaturalist.org/observations/9075064","HUMAN_OBSERVATION",1982,4,29,"1982-04-29","WGS84"
"112",1977,"Eichhornia crassipes",30.96091,-17.934315,"gass84","ZWE","PRESENT",50,"iNaturalist",1802666229,"https://www.inaturalist.org/observations/9075232","HUMAN_OBSERVATION",1982,4,14,"1982-04-14","WGS84"
"113",1978,"Eichhornia crassipes",-67.0995,18.01398,"gass84,colmafu","PRI","PRESENT",1000,"NY",1928633353,"http://sweetgum.nybg.org/science/vh/specimen_details.php?irn=1080825","PRESERVED_SPECIMEN",1982,7,1,"1982-07-01","WGS84"
"114",1979,"Eichhornia crassipes",147.534226,-19.731989,"cdround,colmafu,inmafu","AUS","PRESENT",1000,"AD",2828432755,"https://biocache.ala.org.au/occurrences/705cd7c7-5d03-4a02-ab80-b473378d4a04","PRESERVED_SPECIMEN",1982,10,17,"1982-10-17","WGS84"
"115",3778357,"Eichhornia crassipes",-97.4,20.17,NA,NA,"PRESENT",NA,"EDDMaps",NA,NA,NA,1983,8,20,"08-20-83","WGS84"
"116",3628046,"Eichhornia crassipes",-103.04,20.17,NA,NA,"PRESENT",NA,"EDDMaps",NA,NA,NA,1983,8,26,"08-26-83","WGS84"
"117",2469053,"Eichhornia crassipes",-94.62903,31.6315,NA,NA,"PRESENT",NA,"EDDMaps",NA,NA,NA,1983,10,24,"10-24-83","WGS84"
"118",3707009,"Eichhornia crassipes",-96.85,19.55,NA,NA,"PRESENT",NA,"EDDMaps",NA,NA,NA,1983,11,4,"11-04-83","WGS84"
"119",3621264,"Eichhornia crassipes",-92.84,18.17,NA,NA,"PRESENT",NA,"EDDMaps",NA,NA,NA,1983,12,8,"12-08-83","WGS84"
"120",3842069,"Eichhornia crassipes",-92.64,18.53,NA,NA,"PRESENT",NA,"EDDMaps",NA,NA,NA,1983,12,8,"12-08-83","WGS84"
"121",2463263,"Eichhornia crassipes",-90.04394,29.95494,NA,NA,"PRESENT",NA,"EDDMaps",NA,NA,NA,1984,1,1,"01-01-84","WGS84"
"122",3806307,"Eichhornia crassipes",-92.15,17.91,NA,NA,"PRESENT",NA,"EDDMaps",NA,NA,NA,1984,1,26,"01-26-84","WGS84"
"123",3606240,"Eichhornia crassipes",-99.2,18.9,NA,NA,"PRESENT",NA,"EDDMaps",NA,NA,NA,1984,2,3,"02-03-84","WGS84"
"124",3806239,"Eichhornia crassipes",-99.16,18.89,NA,NA,"PRESENT",NA,"EDDMaps",NA,NA,NA,1984,2,3,"02-03-84","WGS84"
"125",3570787,"Eichhornia crassipes",-107.31,24.81,NA,NA,"PRESENT",NA,"EDDMaps",NA,NA,NA,1984,2,25,"02-25-84","WGS84"
"126",3578402,"Eichhornia crassipes",-100.01,16.95,NA,NA,"PRESENT",NA,"EDDMaps",NA,NA,NA,1984,3,28,"03-28-84","WGS84"
"127",3785212,"Eichhornia crassipes",-107.67,24.71,NA,NA,"PRESENT",NA,"EDDMaps",NA,NA,NA,1984,4,7,"04-07-84","WGS84"
"128",2470257,"Eichhornia crassipes",-67.13962,18.20107,NA,NA,"PRESENT",NA,"EDDMaps",NA,NA,NA,1984,5,1,"05-01-84","WGS84"
"129",3570785,"Eichhornia crassipes",-107.38,24.92,NA,NA,"PRESENT",NA,"EDDMaps",NA,NA,NA,1984,5,12,"05-12-84","WGS84"
"130",2468322,"Eichhornia crassipes",-84.89991,29.73493,NA,NA,"PRESENT",NA,"EDDMaps",NA,NA,NA,1984,6,19,"06-19-84","WGS84"
"131",3570788,"Eichhornia crassipes",-107.44,24.62,NA,NA,"PRESENT",NA,"EDDMaps",NA,NA,NA,1984,9,25,"09-25-84","WGS84"
"132",3570789,"Eichhornia crassipes",-107.35,24.69,NA,NA,"PRESENT",NA,"EDDMaps",NA,NA,NA,1984,10,21,"10-21-84","WGS84"
"133",3570790,"Eichhornia crassipes",-107.13,24.8,NA,NA,"PRESENT",NA,"EDDMaps",NA,NA,NA,1984,11,16,"11-16-84","WGS84"
"134",2463635,"Eichhornia crassipes",-95.59341,30.41493,NA,NA,"PRESENT",NA,"EDDMaps",NA,NA,NA,1985,1,1,"01-01-85","WGS84"
"135",2463636,"Eichhornia crassipes",-95.16289,30.72295,NA,NA,"PRESENT",NA,"EDDMaps",NA,NA,NA,1985,1,1,"01-01-85","WGS84"
"136",2463637,"Eichhornia crassipes",-95.12032,30.72354,NA,NA,"PRESENT",NA,"EDDMaps",NA,NA,NA,1985,1,1,"01-01-85","WGS84"
"137",2463638,"Eichhornia crassipes",-95.224,30.85213,NA,NA,"PRESENT",NA,"EDDMaps",NA,NA,NA,1985,1,1,"01-01-85","WGS84"
"138",2463639,"Eichhornia crassipes",-94.1906,30.84653,NA,NA,"PRESENT",NA,"EDDMaps",NA,NA,NA,1985,1,1,"01-01-85","WGS84"
"139",2463640,"Eichhornia crassipes",-94.20502,30.85714,NA,NA,"PRESENT",NA,"EDDMaps",NA,NA,NA,1985,1,1,"01-01-85","WGS84"
"140",2463641,"Eichhornia crassipes",-94.24347,31.18931,NA,NA,"PRESENT",NA,"EDDMaps",NA,NA,NA,1985,1,1,"01-01-85","WGS84"
"141",2463642,"Eichhornia crassipes",-96.53561,28.9532,NA,NA,"PRESENT",NA,"EDDMaps",NA,NA,NA,1985,1,1,"01-01-85","WGS84"
"142",2463643,"Eichhornia crassipes",-93.89809,31.71064,NA,NA,"PRESENT",NA,"EDDMaps",NA,NA,NA,1985,1,1,"01-01-85","WGS84"
"143",2463644,"Eichhornia crassipes",-93.89843,29.89215,NA,NA,"PRESENT",NA,"EDDMaps",NA,NA,NA,1985,1,1,"01-01-85","WGS84"
"144",2463645,"Eichhornia crassipes",-96.80443,28.43472,NA,NA,"PRESENT",NA,"EDDMaps",NA,NA,NA,1985,1,1,"01-01-85","WGS84"
"145",3806327,"Eichhornia crassipes",-95.04,18.48,NA,NA,"PRESENT",NA,"EDDMaps",NA,NA,NA,1985,5,22,"05-22-85","WGS84"
"146",3806328,"Eichhornia crassipes",-92.5,14.8,NA,NA,"PRESENT",NA,"EDDMaps",NA,NA,NA,1985,8,7,"08-07-85","WGS84"
"147",2470491,"Eichhornia crassipes",-122.52641,37.83141,NA,NA,"PRESENT",NA,"EDDMaps",NA,NA,NA,1985,8,17,"08-17-85","WGS84"
"148",3347729,"Eichhornia crassipes",-99.03,22.7,NA,NA,"PRESENT",NA,"EDDMaps",NA,NA,NA,1985,8,17,"08-17-85","WGS84"
"149",3806322,"Eichhornia crassipes",-99.05,22.69,NA,NA,"PRESENT",NA,"EDDMaps",NA,NA,NA,1985,8,17,"08-17-85","WGS84"
"150",8937690,"Eichhornia crassipes",-122.531,37.8308,NA,NA,"PRESENT",NA,"EDDMaps",NA,NA,NA,1985,8,17,"08-17-85","WGS84"
"151",2479721,"Eichhornia crassipes",-86.95997,31.50016,NA,NA,"PRESENT",NA,"EDDMaps",NA,NA,NA,1985,8,31,"08-31-85","WGS84"
"152",8938349,"Eichhornia crassipes",-121.793,38.0148,NA,NA,"PRESENT",NA,"EDDMaps",NA,NA,NA,1985,9,2,"09-02-85","WGS84"
"153",3628040,"Eichhornia crassipes",-101.63,19.58,NA,NA,"PRESENT",NA,"EDDMaps",NA,NA,NA,1985,9,11,"09-11-85","WGS84"
"154",3735569,"Eichhornia crassipes",-100.82,19.85,NA,NA,"PRESENT",NA,"EDDMaps",NA,NA,NA,1985,10,24,"10-24-85","WGS84"
"155",3707016,"Eichhornia crassipes",-92.49,17.87,NA,NA,"PRESENT",NA,"EDDMaps",NA,NA,NA,1985,11,6,"11-06-85","WGS84"
"156",3806318,"Eichhornia crassipes",-105.42,21.84,NA,NA,"PRESENT",NA,"EDDMaps",NA,NA,NA,1985,11,19,"11-19-85","WGS84"
"157",3806305,"Eichhornia crassipes",-93.56,15.95,NA,NA,"PRESENT",NA,"EDDMaps",NA,NA,NA,1985,12,22,"12-22-85","WGS84"
"158",3806313,"Eichhornia crassipes",-93.23,15.65,NA,NA,"PRESENT",NA,"EDDMaps",NA,NA,NA,1985,12,23,"12-23-85","WGS84"
"159",3806309,"Eichhornia crassipes",-92.71,15.15,NA,NA,"PRESENT",NA,"EDDMaps",NA,NA,NA,1985,12,25,"12-25-85","WGS84"
"160",2464241,"Eichhornia crassipes",-90.104,29.6356,NA,NA,"PRESENT",NA,"EDDMaps",NA,NA,NA,1986,1,1,"01-01-86","WGS84"
"161",2464276,"Eichhornia crassipes",-92.7775,29.77583,NA,NA,"PRESENT",NA,"EDDMaps",NA,NA,NA,1986,1,1,"01-01-86","WGS84"
"162",2464796,"Eichhornia crassipes",-85.70402,38.20924,NA,NA,"PRESENT",NA,"EDDMaps",NA,NA,NA,1986,1,1,"01-01-86","WGS84"
"163",3778359,"Eichhornia crassipes",-92.42,15.01,NA,NA,"PRESENT",NA,"EDDMaps",NA,NA,NA,1986,3,12,"03-12-86","WGS84"
"164",3606235,"Eichhornia crassipes",-99.16,18.85,NA,NA,"PRESENT",NA,"EDDMaps",NA,NA,NA,1986,4,13,"04-13-86","WGS84"
"165",3735604,"Eichhornia crassipes",-100.88,19.89,NA,NA,"PRESENT",NA,"EDDMaps",NA,NA,NA,1986,4,13,"04-13-86","WGS84"
"166",3735612,"Eichhornia crassipes",-101.11,20.22,NA,NA,"PRESENT",NA,"EDDMaps",NA,NA,NA,1986,4,14,"04-14-86","WGS84"
"167",3735593,"Eichhornia crassipes",-101.44,19.8,NA,NA,"PRESENT",NA,"EDDMaps",NA,NA,NA,1986,4,26,"04-26-86","WGS84"
"168",3707019,"Eichhornia crassipes",-92.45,14.85,NA,NA,"PRESENT",NA,"EDDMaps",NA,NA,NA,1986,4,30,"04-30-86","WGS84"
"169",3778365,"Eichhornia crassipes",-92.45,14.86,NA,NA,"PRESENT",NA,"EDDMaps",NA,NA,NA,1986,4,30,"04-30-86","WGS84"
"170",3806308,"Eichhornia crassipes",-92.41,14.85,NA,NA,"PRESENT",NA,"EDDMaps",NA,NA,NA,1986,4,30,"04-30-86","WGS84"
"171",3714081,"Eichhornia crassipes",-100.89,19.8,NA,NA,"PRESENT",NA,"EDDMaps",NA,NA,NA,1986,5,5,"05-05-86","WGS84"
"172",3452123,"Eichhornia crassipes",-93.08,16.73,NA,NA,"PRESENT",NA,"EDDMaps",NA,NA,NA,1986,6,21,"06-21-86","WGS84"
"173",3599506,"Eichhornia crassipes",-99,18.52,NA,NA,"PRESENT",NA,"EDDMaps",NA,NA,NA,1986,7,5,"07-05-86","WGS84"
"174",3599522,"Eichhornia crassipes",-99.22,18.83,NA,NA,"PRESENT",NA,"EDDMaps",NA,NA,NA,1986,8,10,"08-10-86","WGS84"
"175",2469052,"Eichhornia crassipes",-94.41689,32.78877,NA,NA,"PRESENT",NA,"EDDMaps",NA,NA,NA,1986,9,17,"09-17-86","WGS84"
"176",3806285,"Eichhornia crassipes",-101.13,20.21,NA,NA,"PRESENT",NA,"EDDMaps",NA,NA,NA,1986,10,22,"10-22-86","WGS84"
"177",3714085,"Eichhornia crassipes",-101.12,20.27,NA,NA,"PRESENT",NA,"EDDMaps",NA,NA,NA,1986,12,7,"12-07-86","WGS84"
"178",1975,"Eichhornia crassipes",-95.637358,30.561972,"cdround,gass84","USA","PRESENT",4,"iNaturalist",3031788743,"https://www.inaturalist.org/observations/68559765","HUMAN_OBSERVATION",1986,9,24,"1986-09-24","WGS84"
"179",3806300,"Eichhornia crassipes",-91.83,18.41,NA,NA,"PRESENT",NA,"EDDMaps",NA,NA,NA,1987,4,21,"04-21-87","WGS84"
"180",3706991,"Eichhornia crassipes",-96.39,19.29,NA,NA,"PRESENT",NA,"EDDMaps",NA,NA,NA,1987,6,17,"06-17-87","WGS84"
"181",3806325,"Eichhornia crassipes",-96.72,17.06,NA,NA,"PRESENT",NA,"EDDMaps",NA,NA,NA,1987,7,25,"07-25-87","WGS84"
"182",3707011,"Eichhornia crassipes",-96.37,19.37,NA,NA,"PRESENT",NA,"EDDMaps",NA,NA,NA,1987,8,5,"08-05-87","WGS84"
"183",3806316,"Eichhornia crassipes",-96.3,19.31,NA,NA,"PRESENT",NA,"EDDMaps",NA,NA,NA,1987,8,5,"08-05-87","WGS84"
"184",2465510,"Eichhornia crassipes",-88.2847,33.23901,NA,NA,"PRESENT",NA,"EDDMaps",NA,NA,NA,1987,9,1,"09-01-87","WGS84"
"185",3778361,"Eichhornia crassipes",-93.02,18.16,NA,NA,"PRESENT",NA,"EDDMaps",NA,NA,NA,1987,11,5,"11-05-87","WGS84"
"186",3806310,"Eichhornia crassipes",-91.86,18.38,NA,NA,"PRESENT",NA,"EDDMaps",NA,NA,NA,1987,11,24,"11-24-87","WGS84"
"187",1974,"Eichhornia crassipes",-75.958116,8.586415,"colmafu,inmafu","COL","PRESENT",44.12,"JBGP",1273757999,NA,"PRESERVED_SPECIMEN",1987,5,25,"1987-05-25","WGS84"
"188",3806321,"Eichhornia crassipes",-104.9,21.22,NA,NA,"PRESENT",NA,"EDDMaps",NA,NA,NA,1988,1,16,"01-16-88","WGS84"
"189",3707007,"Eichhornia crassipes",-98.22,20.9,NA,NA,"PRESENT",NA,"EDDMaps",NA,NA,NA,1988,5,3,"05-03-88","WGS84"
"190",3778351,"Eichhornia crassipes",-98.19,20.93,NA,NA,"PRESENT",NA,"EDDMaps",NA,NA,NA,1988,5,3,"05-03-88","WGS84"
"191",3735631,"Eichhornia crassipes",-103.46,19.7,NA,NA,"PRESENT",NA,"EDDMaps",NA,NA,NA,1988,6,10,"06-10-88","WGS84"
"192",3735641,"Eichhornia crassipes",-102.92,20.46,NA,NA,"PRESENT",NA,"EDDMaps",NA,NA,NA,1988,6,10,"06-10-88","WGS84"
"193",3778354,"Eichhornia crassipes",-92.33,14.98,NA,NA,"PRESENT",NA,"EDDMaps",NA,NA,NA,1988,6,16,"06-16-88","WGS84"
"194",2464693,"Eichhornia crassipes",-94.19868,36.05138,NA,NA,"PRESENT",NA,"EDDMaps",NA,NA,NA,1988,8,1,"08-01-88","WGS84"
"195",3707021,"Eichhornia crassipes",-98.24,19.32,NA,NA,"PRESENT",NA,"EDDMaps",NA,NA,NA,1988,8,11,"08-11-88","WGS84"
"196",3806315,"Eichhornia crassipes",-96.44,19.28,NA,NA,"PRESENT",NA,"EDDMaps",NA,NA,NA,1988,9,14,"09-14-88","WGS84"
"197",2470453,"Eichhornia crassipes",-111.79707,34.82355,NA,NA,"PRESENT",NA,"EDDMaps",NA,NA,NA,1988,10,7,"10-07-88","WGS84"
"198",3362717,"Eichhornia crassipes",-88.36392,41.68603,NA,NA,"PRESENT",NA,"EDDMaps",NA,NA,NA,1988,10,11,"10-11-88","WGS84"
"199",3706990,"Eichhornia crassipes",-94.55,17.96,NA,NA,"PRESENT",NA,"EDDMaps",NA,NA,NA,1988,11,5,"11-05-88","WGS84"
"200",1973,"Eichhornia crassipes",145.0606,-37.8619,"colmafu,inmafu","AUS","PRESENT",1000,"MEL",2434590150,"https://biocache.ala.org.au/occurrences/033fa925-4c4c-47f0-a840-42e988e19b78","PRESERVED_SPECIMEN",1988,4,14,"1988-04-14","WGS84"
"201",3877590,"Eichhornia crassipes",-98.87,22.78,NA,NA,"PRESENT",NA,"EDDMaps",NA,NA,NA,1989,6,3,"06-03-89","WGS84"
"202",2470475,"Eichhornia crassipes",-121.5014,38.26238,NA,NA,"PRESENT",NA,"EDDMaps",NA,NA,NA,1989,9,10,"09-10-89","WGS84"
"203",3778344,"Eichhornia crassipes",-99.65,20.6,NA,NA,"PRESENT",NA,"EDDMaps",NA,NA,NA,1989,9,23,"09-23-89","WGS84"
"204",3227454,"Eichhornia crassipes",-81.2799,43.04108,NA,NA,"PRESENT",NA,"EDDMaps",NA,NA,NA,1989,10,26,"10-26-89","WGS84"
"205",3869956,"Eichhornia crassipes",-104.85,21.23,NA,NA,"PRESENT",NA,"EDDMaps",NA,NA,NA,1989,10,26,"10-26-89","WGS84"
"206",3869957,"Eichhornia crassipes",-104.75,21.22,NA,NA,"PRESENT",NA,"EDDMaps",NA,NA,NA,1989,10,26,"10-26-89","WGS84"
"207",1971,"Eichhornia crassipes",77.227875,28.690889,"cdround,gass84,colmano,inmano","IND","PRESENT",25,"naturgucker",1806065430,NA,"HUMAN_OBSERVATION",1989,4,10,"1989-04-10","WGS84"
"208",1972,"Eichhornia crassipes",146.7167,-19.2667,"colmafu,inmafu","AUS","PRESENT",1000,"MEL",2434795221,"https://biocache.ala.org.au/occurrences/0de44089-4e8a-4606-abc5-4ff82e5fc3ea","PRESERVED_SPECIMEN",1989,12,17,"1989-12-17","WGS84"
"209",2463262,"Eichhornia crassipes",-81.4998,26.98617,NA,NA,"PRESENT",NA,"EDDMaps",NA,NA,NA,1990,1,1,"01-01-90","WGS84"
"210",2463516,"Eichhornia crassipes",-81.68751,28.06163,NA,NA,"PRESENT",NA,"EDDMaps",NA,NA,NA,1990,1,1,"01-01-90","WGS84"
"211",3778345,"Eichhornia crassipes",-101.66,19.92,NA,NA,"PRESENT",NA,"EDDMaps",NA,NA,NA,1990,6,14,"06-14-90","WGS84"
"212",3869955,"Eichhornia crassipes",-103.76,18.83,NA,NA,"PRESENT",NA,"EDDMaps",NA,NA,NA,1990,8,6,"08-06-90","WGS84"
"213",3869953,"Eichhornia crassipes",-104.54,19.17,NA,NA,"PRESENT",NA,"EDDMaps",NA,NA,NA,1990,8,9,"08-09-90","WGS84"
"214",3778343,"Eichhornia crassipes",-100.04,20.79,NA,NA,"PRESENT",NA,"EDDMaps",NA,NA,NA,1990,10,7,"10-07-90","WGS84"
"215",3877673,"Eichhornia crassipes",-101.21,20.42,NA,NA,"PRESENT",NA,"EDDMaps",NA,NA,NA,1990,11,4,"11-04-90","WGS84"
"216",1970,"Eichhornia crassipes",-94.544461,29.614505,"cdround,gass84","USA","PRESENT",3,"iNaturalist",3070687806,"https://www.inaturalist.org/observations/72315859","HUMAN_OBSERVATION",1990,5,30,"1990-05-30","WGS84"
"217",3438671,"Eichhornia crassipes",-103.3,21.78,NA,NA,"PRESENT",NA,"EDDMaps",NA,NA,NA,1991,10,18,"10-18-91","WGS84"
"218",1968,"Eichhornia crassipes",-3.186943,51.549015,"fpwktinv","GBR","PRESENT",7.1,"SEWBReC",2999653662,NA,"HUMAN_OBSERVATION",1991,4,27,"1991-04-27","WGS84"
"219",1969,"Eichhornia crassipes",151.431916,-33.303987,"cdround","AUS","PRESENT",100,"NSW Dept of Planning, Industry and Environment",1072997816,"https://biocache.ala.org.au/occurrences/107e12c3-389b-4d6b-9ca6-9d85b6021dc8","HUMAN_OBSERVATION",1991,12,2,"1991-12-02","WGS84"
"220",2047519,"Eichhornia crassipes",-70.97792,41.68154,NA,NA,"PRESENT",NA,"EDDMaps",NA,NA,NA,1992,8,21,"08-21-92","nad27"
"221",1964,"Eichhornia crassipes",-5.01667,6.21667,"gass84,colmano,inmafu","CIV","PRESENT",707,"G",1144680402,NA,"PRESERVED_SPECIMEN",1992,2,14,"1992-02-14","WGS84"
"222",1965,"Eichhornia crassipes",150.736107,-33.585628,"cdround","AUS","PRESENT",100,"NSW Office of Environment and Heritage",1072322788,"https://biocache.ala.org.au/occurrences/0cfbf10d-4f89-4909-9827-fc5b95fdbcbb","HUMAN_OBSERVATION",1992,3,25,"1992-03-25","WGS84"
"223",1966,"Eichhornia crassipes",150.74348,-33.592075,"cdround","AUS","PRESENT",100,"NSW Office of Environment and Heritage",1072322879,"https://biocache.ala.org.au/occurrences/bb4c08f2-652d-4c91-942c-539d48c138e7","HUMAN_OBSERVATION",1992,5,11,"1992-05-11","WGS84"
"224",1967,"Eichhornia crassipes",148.589444,-21.140278,"cdround,colmano,inmafu","AUS","PRESENT",100,"BRI",2418691852,"https://biocache.ala.org.au/occurrences/7e0140f9-946c-4763-b470-9d28ea2af39f","PRESERVED_SPECIMEN",1992,1,1,"1992-01-01","WGS84"
"225",2463365,"Eichhornia crassipes",-121.84273,38.06797,NA,NA,"PRESENT",NA,"EDDMaps",NA,NA,NA,1993,1,1,"01-01-93","WGS84"
"226",2464080,"Eichhornia crassipes",-90.05493,35.14686,NA,NA,"PRESENT",NA,"EDDMaps",NA,NA,NA,1993,1,1,"01-01-93","WGS84"
"227",2464498,"Eichhornia crassipes",-122.28024,37.70826,NA,NA,"PRESENT",NA,"EDDMaps",NA,NA,NA,1993,1,1,"01-01-93","WGS84"
"228",2468196,"Eichhornia crassipes",-93.3432,32.72923,NA,NA,"PRESENT",NA,"EDDMaps",NA,NA,NA,1993,1,1,"01-01-93","WGS84"
"229",2468198,"Eichhornia crassipes",-93.03429,32.82322,NA,NA,"PRESENT",NA,"EDDMaps",NA,NA,NA,1993,1,1,"01-01-93","WGS84"
"230",2468199,"Eichhornia crassipes",-92.38723,32.80744,NA,NA,"PRESENT",NA,"EDDMaps",NA,NA,NA,1993,1,1,"01-01-93","WGS84"
"231",2468200,"Eichhornia crassipes",-93.55833,31.55989,NA,NA,"PRESENT",NA,"EDDMaps",NA,NA,NA,1993,1,1,"01-01-93","WGS84"
"232",2468201,"Eichhornia crassipes",-92.56922,31.58321,NA,NA,"PRESENT",NA,"EDDMaps",NA,NA,NA,1993,1,1,"01-01-93","WGS84"
"233",2468202,"Eichhornia crassipes",-91.86526,31.65349,NA,NA,"PRESENT",NA,"EDDMaps",NA,NA,NA,1993,1,1,"01-01-93","WGS84"
"234",2468203,"Eichhornia crassipes",-91.53623,31.57732,NA,NA,"PRESENT",NA,"EDDMaps",NA,NA,NA,1993,1,1,"01-01-93","WGS84"
"235",2468204,"Eichhornia crassipes",-92.05937,31.0541,NA,NA,"PRESENT",NA,"EDDMaps",NA,NA,NA,1993,1,1,"01-01-93","WGS84"
"236",2468206,"Eichhornia crassipes",-93.33864,30.72538,NA,NA,"PRESENT",NA,"EDDMaps",NA,NA,NA,1993,1,1,"01-01-93","WGS84"
"237",2468207,"Eichhornia crassipes",-92.8218,30.65369,NA,NA,"PRESENT",NA,"EDDMaps",NA,NA,NA,1993,1,1,"01-01-93","WGS84"
"238",2468208,"Eichhornia crassipes",-92.37796,30.68734,NA,NA,"PRESENT",NA,"EDDMaps",NA,NA,NA,1993,1,1,"01-01-93","WGS84"
"239",2468209,"Eichhornia crassipes",-91.53067,30.64722,NA,NA,"PRESENT",NA,"EDDMaps",NA,NA,NA,1993,1,1,"01-01-93","WGS84"
"240",2468210,"Eichhornia crassipes",-91.38578,30.86751,NA,NA,"PRESENT",NA,"EDDMaps",NA,NA,NA,1993,1,1,"01-01-93","WGS84"
"241",2468211,"Eichhornia crassipes",-91.11965,30.48012,NA,NA,"PRESENT",NA,"EDDMaps",NA,NA,NA,1993,1,1,"01-01-93","WGS84"
"242",2468212,"Eichhornia crassipes",-91.28719,30.27517,NA,NA,"PRESENT",NA,"EDDMaps",NA,NA,NA,1993,1,1,"01-01-93","WGS84"
"243",2468213,"Eichhornia crassipes",-90.94097,30.20382,NA,NA,"PRESENT",NA,"EDDMaps",NA,NA,NA,1993,1,1,"01-01-93","WGS84"
"244",2468214,"Eichhornia crassipes",-91.05479,29.9269,NA,NA,"PRESENT",NA,"EDDMaps",NA,NA,NA,1993,1,1,"01-01-93","WGS84"
"245",2468215,"Eichhornia crassipes",-90.75803,30.02471,NA,NA,"PRESENT",NA,"EDDMaps",NA,NA,NA,1993,1,1,"01-01-93","WGS84"
"246",2468216,"Eichhornia crassipes",-89.89026,29.92209,NA,NA,"PRESENT",NA,"EDDMaps",NA,NA,NA,1993,1,1,"01-01-93","WGS84"
"247",2468217,"Eichhornia crassipes",-93.29176,30.23744,NA,NA,"PRESENT",NA,"EDDMaps",NA,NA,NA,1993,1,1,"01-01-93","WGS84"
"248",2468218,"Eichhornia crassipes",-92.75002,30.24858,NA,NA,"PRESENT",NA,"EDDMaps",NA,NA,NA,1993,1,1,"01-01-93","WGS84"
"249",2468346,"Eichhornia crassipes",-93.65335,32.59464,NA,NA,"PRESENT",NA,"EDDMaps",NA,NA,NA,1993,1,1,"01-01-93","WGS84"
"250",3706989,"Eichhornia crassipes",-96.26,19.25,NA,NA,"PRESENT",NA,"EDDMaps",NA,NA,NA,1993,9,29,"09-29-93","WGS84"
"251",2464037,"Eichhornia crassipes",-75.13935,38.77456,NA,NA,"PRESENT",NA,"EDDMaps",NA,NA,NA,1993,10,24,"10-24-93","WGS84"
"252",1963,"Eichhornia crassipes",12.849205,56.660761,"gass84","SWE","PRESENT",25,"Hallands botaniska f<U+FFFD>rening",1055250092,NA,"HUMAN_OBSERVATION",1993,9,4,"1993-09-04","WGS84"
"253",2464432,"Eichhornia crassipes",-95.63052,32.95444,NA,NA,"PRESENT",NA,"EDDMaps",NA,NA,NA,1994,1,1,"01-01-94","WGS84"
"254",2465497,"Eichhornia crassipes",-87.93594,30.6769,NA,NA,"PRESENT",NA,"EDDMaps",NA,NA,NA,1994,1,1,"01-01-94","WGS84"
"255",3541605,"Eichhornia crassipes",-90.5,19.85,NA,NA,"PRESENT",NA,"EDDMaps",NA,NA,NA,1994,5,26,"05-26-94","WGS84"
"256",3578331,"Eichhornia crassipes",-107.42,24.49,NA,NA,"PRESENT",NA,"EDDMaps",NA,NA,NA,1994,10,5,"10-05-94","WGS84"
"257",2470479,"Eichhornia crassipes",-117.40393,34.20529,NA,NA,"PRESENT",NA,"EDDMaps",NA,NA,NA,1994,10,9,"10-09-94","WGS84"
"258",2464036,"Eichhornia crassipes",-75.58422,39.78612,NA,NA,"PRESENT",NA,"EDDMaps",NA,NA,NA,1994,10,18,"10-18-94","WGS84"
"259",3578368,"Eichhornia crassipes",-99.03,18.45,NA,NA,"PRESENT",NA,"EDDMaps",NA,NA,NA,1994,11,1,"11-01-94","WGS84"
"260",1961,"Eichhornia crassipes",151.776049,-32.723623,"cdround","AUS","PRESENT",100,"NSW Dept of Planning, Industry and Environment",1067094128,"https://biocache.ala.org.au/occurrences/964f6475-efb1-48c1-89c5-db7d72616592","HUMAN_OBSERVATION",1994,1,29,"1994-01-29","WGS84"
"261",2463364,"Eichhornia crassipes",-94.02878,29.84994,NA,NA,"PRESENT",NA,"EDDMaps",NA,NA,NA,1995,1,1,"01-01-95","WGS84"
"262",2464932,"Eichhornia crassipes",-94.12811,29.93589,NA,NA,"PRESENT",NA,"EDDMaps",NA,NA,NA,1995,1,1,"01-01-95","WGS84"
"263",2464937,"Eichhornia crassipes",-94.18716,30.84447,NA,NA,"PRESENT",NA,"EDDMaps",NA,NA,NA,1995,1,1,"01-01-95","WGS84"
"264",2464941,"Eichhornia crassipes",-94.10157,30.37576,NA,NA,"PRESENT",NA,"EDDMaps",NA,NA,NA,1995,1,1,"01-01-95","WGS84"
"265",2464944,"Eichhornia crassipes",-94.01351,29.87522,NA,NA,"PRESENT",NA,"EDDMaps",NA,NA,NA,1995,1,1,"01-01-95","WGS84"
"266",2464962,"Eichhornia crassipes",-97.17579,28.74554,NA,NA,"PRESENT",NA,"EDDMaps",NA,NA,NA,1995,1,1,"01-01-95","WGS84"
"267",2464963,"Eichhornia crassipes",-94.74545,33.2669,NA,NA,"PRESENT",NA,"EDDMaps",NA,NA,NA,1995,1,1,"01-01-95","WGS84"
"268",2464966,"Eichhornia crassipes",-95.1313,29.9817,NA,NA,"PRESENT",NA,"EDDMaps",NA,NA,NA,1995,1,1,"01-01-95","WGS84"
"269",2465120,"Eichhornia crassipes",-88.01422,32.20467,NA,NA,"PRESENT",NA,"EDDMaps",NA,NA,NA,1995,1,1,"01-01-95","WGS84"
"270",2465721,"Eichhornia crassipes",-96.15578,30.08692,NA,NA,"PRESENT",NA,"EDDMaps",NA,NA,NA,1995,1,1,"01-01-95","WGS84"
"271",2465722,"Eichhornia crassipes",-95.47744,29.03108,NA,NA,"PRESENT",NA,"EDDMaps",NA,NA,NA,1995,1,1,"01-01-95","WGS84"
"272",2465723,"Eichhornia crassipes",-97.13888,28.56194,NA,NA,"PRESENT",NA,"EDDMaps",NA,NA,NA,1995,1,1,"01-01-95","WGS84"
"273",2465729,"Eichhornia crassipes",-98.03976,29.60018,NA,NA,"PRESENT",NA,"EDDMaps",NA,NA,NA,1995,1,1,"01-01-95","WGS84"
"274",2465752,"Eichhornia crassipes",-94.88187,29.96355,NA,NA,"PRESENT",NA,"EDDMaps",NA,NA,NA,1995,1,1,"01-01-95","WGS84"
"275",2465753,"Eichhornia crassipes",-98.38252,26.17313,NA,NA,"PRESENT",NA,"EDDMaps",NA,NA,NA,1995,1,1,"01-01-95","WGS84"
"276",2465754,"Eichhornia crassipes",-93.68406,30.62576,NA,NA,"PRESENT",NA,"EDDMaps",NA,NA,NA,1995,1,1,"01-01-95","WGS84"
"277",2465756,"Eichhornia crassipes",-94.81076,30.00077,NA,NA,"PRESENT",NA,"EDDMaps",NA,NA,NA,1995,1,1,"01-01-95","WGS84"
"278",2465757,"Eichhornia crassipes",-96.3355,29.55857,NA,NA,"PRESENT",NA,"EDDMaps",NA,NA,NA,1995,1,1,"01-01-95","WGS84"
"279",2466564,"Eichhornia crassipes",-86.56247,30.64203,NA,NA,"PRESENT",NA,"EDDMaps",NA,NA,NA,1995,1,1,"01-01-95","WGS84"
"280",2468296,"Eichhornia crassipes",-97.63833,29.49912,NA,NA,"PRESENT",NA,"EDDMaps",NA,NA,NA,1995,1,1,"01-01-95","WGS84"
"281",2468576,"Eichhornia crassipes",-81.87197,27.20101,NA,NA,"PRESENT",NA,"EDDMaps",NA,NA,NA,1995,1,1,"01-01-95","WGS84"
"282",2468577,"Eichhornia crassipes",-80.25586,27.1324,NA,NA,"PRESENT",NA,"EDDMaps",NA,NA,NA,1995,1,1,"01-01-95","WGS84"
"283",2468578,"Eichhornia crassipes",-81.19162,26.6964,NA,NA,"PRESENT",NA,"EDDMaps",NA,NA,NA,1995,1,1,"01-01-95","WGS84"
"284",2470474,"Eichhornia crassipes",-120.78,37.2003,NA,NA,"PRESENT",NA,"EDDMaps",NA,NA,NA,1995,1,1,"01-01-95","WGS84"
"285",3743456,"Eichhornia crassipes",-104.98,19.37,NA,NA,"PRESENT",NA,"EDDMaps",NA,NA,NA,1995,3,5,"03-05-95","WGS84"
"286",3813127,"Eichhornia crassipes",-99.24,18.55,NA,NA,"PRESENT",NA,"EDDMaps",NA,NA,NA,1995,3,14,"03-14-95","WGS84"
"287",3599513,"Eichhornia crassipes",-99.07,18.86,NA,NA,"PRESENT",NA,"EDDMaps",NA,NA,NA,1995,3,23,"03-23-95","WGS84"
"288",2470450,"Eichhornia crassipes",-122.19246,48.12477,NA,NA,"PRESENT",NA,"EDDMaps",NA,NA,NA,1995,6,20,"06-20-95","WGS84"
"289",3806288,"Eichhornia crassipes",-94.75,17.72,NA,NA,"PRESENT",NA,"EDDMaps",NA,NA,NA,1995,8,6,"08-06-95","WGS84"
"290",3735671,"Eichhornia crassipes",-100.11,20.35,NA,NA,"PRESENT",NA,"EDDMaps",NA,NA,NA,1995,8,29,"08-29-95","WGS84"
"291",87256,"Eichhornia crassipes",-81.55588,27.46357,NA,NA,"PRESENT",NA,"EDDMaps",NA,NA,NA,1995,9,5,"09-05-95","WGS84"
"292",87158,"Eichhornia crassipes",-82.30228,27.19598,NA,NA,"PRESENT",NA,"EDDMaps",NA,NA,NA,1995,9,6,"09-06-95","WGS84"
"293",87163,"Eichhornia crassipes",-81.41893,28.75015,NA,NA,"PRESENT",NA,"EDDMaps",NA,NA,NA,1995,9,6,"09-06-95","WGS84"
"294",87167,"Eichhornia crassipes",-81.45321,28.77222,NA,NA,"PRESENT",NA,"EDDMaps",NA,NA,NA,1995,9,6,"09-06-95","WGS84"
"295",87169,"Eichhornia crassipes",-81.41325,28.79519,NA,NA,"PRESENT",NA,"EDDMaps",NA,NA,NA,1995,9,6,"09-06-95","WGS84"
"296",87171,"Eichhornia crassipes",-81.41406,28.83078,NA,NA,"PRESENT",NA,"EDDMaps",NA,NA,NA,1995,9,6,"09-06-95","WGS84"
"297",86412,"Eichhornia crassipes",-82.29099,29.56454,NA,NA,"PRESENT",NA,"EDDMaps",NA,NA,NA,1995,9,18,"09-18-95","WGS84"
"298",86413,"Eichhornia crassipes",-82.2256,29.56587,NA,NA,"PRESENT",NA,"EDDMaps",NA,NA,NA,1995,9,18,"09-18-95","WGS84"
"299",86414,"Eichhornia crassipes",-82.33463,29.56862,NA,NA,"PRESENT",NA,"EDDMaps",NA,NA,NA,1995,9,18,"09-18-95","WGS84"
"300",86415,"Eichhornia crassipes",-82.31268,29.5704,NA,NA,"PRESENT",NA,"EDDMaps",NA,NA,NA,1995,9,18,"09-18-95","WGS84"
"301",86418,"Eichhornia crassipes",-82.35028,29.58018,NA,NA,"PRESENT",NA,"EDDMaps",NA,NA,NA,1995,9,18,"09-18-95","WGS84"
"302",86420,"Eichhornia crassipes",-82.33826,29.58727,NA,NA,"PRESENT",NA,"EDDMaps",NA,NA,NA,1995,9,18,"09-18-95","WGS84"
"303",86421,"Eichhornia crassipes",-82.26385,29.58949,NA,NA,"PRESENT",NA,"EDDMaps",NA,NA,NA,1995,9,18,"09-18-95","WGS84"
"304",86423,"Eichhornia crassipes",-82.28066,29.59004,NA,NA,"PRESENT",NA,"EDDMaps",NA,NA,NA,1995,9,18,"09-18-95","WGS84"
"305",86424,"Eichhornia crassipes",-82.29747,29.59076,NA,NA,"PRESENT",NA,"EDDMaps",NA,NA,NA,1995,9,18,"09-18-95","WGS84"
"306",86427,"Eichhornia crassipes",-82.31403,29.59134,NA,NA,"PRESENT",NA,"EDDMaps",NA,NA,NA,1995,9,18,"09-18-95","WGS84"
"307",86428,"Eichhornia crassipes",-82.32924,29.59213,NA,NA,"PRESENT",NA,"EDDMaps",NA,NA,NA,1995,9,18,"09-18-95","WGS84"
"308",85617,"Eichhornia crassipes",-81.58714,26.41518,NA,NA,"PRESENT",NA,"EDDMaps",NA,NA,NA,1995,9,21,"09-21-95","WGS84"
"309",84515,"Eichhornia crassipes",-82.56756,29.90944,NA,NA,"PRESENT",NA,"EDDMaps",NA,NA,NA,1995,9,26,"09-26-95","WGS84"
"310",87280,"Eichhornia crassipes",-81.38276,28.0887,NA,NA,"PRESENT",NA,"EDDMaps",NA,NA,NA,1995,9,26,"09-26-95","WGS84"
"311",87281,"Eichhornia crassipes",-81.39889,28.09236,NA,NA,"PRESENT",NA,"EDDMaps",NA,NA,NA,1995,9,26,"09-26-95","WGS84"
"312",87282,"Eichhornia crassipes",-81.42626,28.09274,NA,NA,"PRESENT",NA,"EDDMaps",NA,NA,NA,1995,9,26,"09-26-95","WGS84"
"313",87283,"Eichhornia crassipes",-81.41468,28.09294,NA,NA,"PRESENT",NA,"EDDMaps",NA,NA,NA,1995,9,26,"09-26-95","WGS84"
"314",87284,"Eichhornia crassipes",-81.40285,28.10621,NA,NA,"PRESENT",NA,"EDDMaps",NA,NA,NA,1995,9,26,"09-26-95","WGS84"
"315",87285,"Eichhornia crassipes",-81.41478,28.10769,NA,NA,"PRESENT",NA,"EDDMaps",NA,NA,NA,1995,9,26,"09-26-95","WGS84"
"316",87286,"Eichhornia crassipes",-81.42828,28.10841,NA,NA,"PRESENT",NA,"EDDMaps",NA,NA,NA,1995,9,26,"09-26-95","WGS84"
"317",87287,"Eichhornia crassipes",-81.43105,28.12213,NA,NA,"PRESENT",NA,"EDDMaps",NA,NA,NA,1995,9,26,"09-26-95","WGS84"
"318",87288,"Eichhornia crassipes",-81.41488,28.12229,NA,NA,"PRESENT",NA,"EDDMaps",NA,NA,NA,1995,9,26,"09-26-95","WGS84"
"319",87289,"Eichhornia crassipes",-81.44248,28.1251,NA,NA,"PRESENT",NA,"EDDMaps",NA,NA,NA,1995,9,26,"09-26-95","WGS84"
"320",87290,"Eichhornia crassipes",-81.44697,28.13667,NA,NA,"PRESENT",NA,"EDDMaps",NA,NA,NA,1995,9,26,"09-26-95","WGS84"
"321",87291,"Eichhornia crassipes",-81.43113,28.13673,NA,NA,"PRESENT",NA,"EDDMaps",NA,NA,NA,1995,9,26,"09-26-95","WGS84"
"322",84817,"Eichhornia crassipes",-82.2125,27.18658,NA,NA,"PRESENT",NA,"EDDMaps",NA,NA,NA,1995,9,27,"09-27-95","WGS84"
"323",84818,"Eichhornia crassipes",-82.21247,27.20124,NA,NA,"PRESENT",NA,"EDDMaps",NA,NA,NA,1995,9,27,"09-27-95","WGS84"
"324",86749,"Eichhornia crassipes",-82.228,27.1578,NA,NA,"PRESENT",NA,"EDDMaps",NA,NA,NA,1995,9,28,"09-28-95","WGS84"
"325",86754,"Eichhornia crassipes",-82.22821,27.1723,NA,NA,"PRESENT",NA,"EDDMaps",NA,NA,NA,1995,9,28,"09-28-95","WGS84"
"326",86761,"Eichhornia crassipes",-82.43995,29.75764,NA,NA,"PRESENT",NA,"EDDMaps",NA,NA,NA,1995,9,28,"09-28-95","WGS84"
"327",84801,"Eichhornia crassipes",-82.39295,27.05696,NA,NA,"PRESENT",NA,"EDDMaps",NA,NA,NA,1995,9,29,"09-29-95","WGS84"
"328",84803,"Eichhornia crassipes",-82.38435,27.06401,NA,NA,"PRESENT",NA,"EDDMaps",NA,NA,NA,1995,9,29,"09-29-95","WGS84"
"329",84805,"Eichhornia crassipes",-82.37656,27.07153,NA,NA,"PRESENT",NA,"EDDMaps",NA,NA,NA,1995,9,29,"09-29-95","WGS84"
"330",87176,"Eichhornia crassipes",-82.38873,27.1911,NA,NA,"PRESENT",NA,"EDDMaps",NA,NA,NA,1995,9,29,"09-29-95","WGS84"
"331",86648,"Eichhornia crassipes",-82.27862,28.04474,NA,NA,"PRESENT",NA,"EDDMaps",NA,NA,NA,1995,9,30,"09-30-95","WGS84"
"332",86651,"Eichhornia crassipes",-82.26118,28.06167,NA,NA,"PRESENT",NA,"EDDMaps",NA,NA,NA,1995,9,30,"09-30-95","WGS84"
"333",86652,"Eichhornia crassipes",-82.28531,28.06543,NA,NA,"PRESENT",NA,"EDDMaps",NA,NA,NA,1995,9,30,"09-30-95","WGS84"
"334",86877,"Eichhornia crassipes",-82.27784,28.01794,NA,NA,"PRESENT",NA,"EDDMaps",NA,NA,NA,1995,9,30,"09-30-95","WGS84"
"335",86878,"Eichhornia crassipes",-82.29441,28.03248,NA,NA,"PRESENT",NA,"EDDMaps",NA,NA,NA,1995,9,30,"09-30-95","WGS84"
"336",86880,"Eichhornia crassipes",-82.2615,28.03256,NA,NA,"PRESENT",NA,"EDDMaps",NA,NA,NA,1995,9,30,"09-30-95","WGS84"
"337",84611,"Eichhornia crassipes",-82.64569,27.72868,NA,NA,"PRESENT",NA,"EDDMaps",NA,NA,NA,1995,10,3,"10-03-95","WGS84"
"338",84621,"Eichhornia crassipes",-82.65514,27.73791,NA,NA,"PRESENT",NA,"EDDMaps",NA,NA,NA,1995,10,3,"10-03-95","WGS84"
"339",84625,"Eichhornia crassipes",-82.66887,27.74076,NA,NA,"PRESENT",NA,"EDDMaps",NA,NA,NA,1995,10,3,"10-03-95","WGS84"
"340",86408,"Eichhornia crassipes",-81.96936,29.23734,NA,NA,"PRESENT",NA,"EDDMaps",NA,NA,NA,1995,10,19,"10-19-95","WGS84"
"341",84552,"Eichhornia crassipes",-80.17596,26.93856,NA,NA,"PRESENT",NA,"EDDMaps",NA,NA,NA,1995,11,3,"11-03-95","WGS84"
"342",84572,"Eichhornia crassipes",-80.16577,27.02198,NA,NA,"PRESENT",NA,"EDDMaps",NA,NA,NA,1995,11,3,"11-03-95","WGS84"
"343",85215,"Eichhornia crassipes",-80.27256,26.07012,NA,NA,"PRESENT",NA,"EDDMaps",NA,NA,NA,1995,11,22,"11-22-95","WGS84"
"344",1960,"Eichhornia crassipes",141.669376,-3.974863,"cdround,gass84","PNG","PRESENT",244,"iNaturalist",2988608677,"https://www.inaturalist.org/observations/61299944","HUMAN_OBSERVATION",1995,8,11,"1995-08-11","WGS84"
"345",1027117,"Eichhornia crassipes",-80.22217,26.49833,NA,NA,"PRESENT",NA,"EDDMaps",NA,NA,NA,1996,1,1,"01-01-96","WGS84"
"346",2464083,"Eichhornia crassipes",-157.9834,21.45307,NA,NA,"PRESENT",NA,"EDDMaps",NA,NA,NA,1996,1,1,"01-01-96","WGS84"
"347",2464084,"Eichhornia crassipes",-159.56543,22.08564,NA,NA,"PRESENT",NA,"EDDMaps",NA,NA,NA,1996,1,1,"01-01-96","WGS84"
"348",2464519,"Eichhornia crassipes",-95.10326,29.62551,NA,NA,"PRESENT",NA,"EDDMaps",NA,NA,NA,1996,1,1,"01-01-96","WGS84"
"349",2470476,"Eichhornia crassipes",-121.4833,38.25,NA,NA,"PRESENT",NA,"EDDMaps",NA,NA,NA,1996,1,1,"01-01-96","WGS84"
"350",3735666,"Eichhornia crassipes",-99.98,20.86,NA,NA,"PRESENT",NA,"EDDMaps",NA,NA,NA,1996,3,20,"03-20-96","WGS84"
"351",2466568,"Eichhornia crassipes",-92.87292,31.91938,NA,NA,"PRESENT",NA,"EDDMaps",NA,NA,NA,1996,5,10,"05-10-96","WGS84"
"352",3735667,"Eichhornia crassipes",-100.1,20.43,NA,NA,"PRESENT",NA,"EDDMaps",NA,NA,NA,1996,5,16,"05-16-96","WGS84"
"353",3599495,"Eichhornia crassipes",-99.32,18.61,NA,NA,"PRESENT",NA,"EDDMaps",NA,NA,NA,1996,5,22,"05-22-96","WGS84"
"354",3599496,"Eichhornia crassipes",-99.29,18.57,NA,NA,"PRESENT",NA,"EDDMaps",NA,NA,NA,1996,5,22,"05-22-96","WGS84"
"355",3813132,"Eichhornia crassipes",-99.45,18.64,NA,NA,"PRESENT",NA,"EDDMaps",NA,NA,NA,1996,5,22,"05-22-96","WGS84"
"356",3599493,"Eichhornia crassipes",-99.43,18.73,NA,NA,"PRESENT",NA,"EDDMaps",NA,NA,NA,1996,5,30,"05-30-96","WGS84"
"357",3599529,"Eichhornia crassipes",-99.31,18.58,NA,NA,"PRESENT",NA,"EDDMaps",NA,NA,NA,1996,5,31,"05-31-96","WGS84"
"358",3877677,"Eichhornia crassipes",-93.14,17.96,NA,NA,"PRESENT",NA,"EDDMaps",NA,NA,NA,1996,6,9,"06-09-96","WGS84"
"359",3354654,"Eichhornia crassipes",-102.8,21.76,NA,NA,"PRESENT",NA,"EDDMaps",NA,NA,NA,1996,7,26,"07-26-96","WGS84"
"360",3599494,"Eichhornia crassipes",-99.35,18.65,NA,NA,"PRESENT",NA,"EDDMaps",NA,NA,NA,1996,7,27,"07-27-96","WGS84"
"361",3599497,"Eichhornia crassipes",-99.38,18.57,NA,NA,"PRESENT",NA,"EDDMaps",NA,NA,NA,1996,7,30,"07-30-96","WGS84"
"362",2470454,"Eichhornia crassipes",-111.89278,34.7675,NA,NA,"PRESENT",NA,"EDDMaps",NA,NA,NA,1996,9,13,"09-13-96","WGS84"
"363",3599501,"Eichhornia crassipes",-98.98,18.88,NA,NA,"PRESENT",NA,"EDDMaps",NA,NA,NA,1996,9,24,"09-24-96","WGS84"
"364",3599502,"Eichhornia crassipes",-99.04,18.87,NA,NA,"PRESENT",NA,"EDDMaps",NA,NA,NA,1996,9,27,"09-27-96","WGS84"
"365",3599491,"Eichhornia crassipes",-98.94,18.84,NA,NA,"PRESENT",NA,"EDDMaps",NA,NA,NA,1996,10,6,"10-06-96","WGS84"
"366",2469049,"Eichhornia crassipes",-94.06177,29.98423,NA,NA,"PRESENT",NA,"EDDMaps",NA,NA,NA,1996,11,2,"11-02-96","WGS84"
"367",1959,"Eichhornia crassipes",-120.690339,35.266496,NA,"USA","PRESENT",1000,"OBI",2520678485,"https://cch2.org/portal/collections/individual/index.php?occid=3775736","PRESERVED_SPECIMEN",1996,6,25,"1996-06-25","WGS84"
"368",2469056,"Eichhornia crassipes",-82.35311,34.86127,NA,NA,"PRESENT",NA,"EDDMaps",NA,NA,NA,1997,1,1,"01-01-97","WGS84"
"369",3599510,"Eichhornia crassipes",-98.94,18.65,NA,NA,"PRESENT",NA,"EDDMaps",NA,NA,NA,1997,9,12,"09-12-97","WGS84"
"370",3877676,"Eichhornia crassipes",-103.2,21.18,NA,NA,"PRESENT",NA,"EDDMaps",NA,NA,NA,1997,10,1,"10-01-97","WGS84"
"371",3735647,"Eichhornia crassipes",-103.3,20.43,NA,NA,"PRESENT",NA,"EDDMaps",NA,NA,NA,1997,10,5,"10-05-97","WGS84"
"372",2470455,"Eichhornia crassipes",-112.16386,34.03755,NA,NA,"PRESENT",NA,"EDDMaps",NA,NA,NA,1997,10,10,"10-10-97","WGS84"
"373",2061904,"Eichhornia crassipes",-73.453,41.7317,NA,NA,"PRESENT",NA,"EDDMaps",NA,NA,NA,1997,10,29,"10-29-97","WGS84"
"374",1958,"Eichhornia crassipes",150.698754,-33.613392,"cdround","AUS","PRESENT",100,"NSW Dept of Planning, Industry and Environment",1069793813,"https://biocache.ala.org.au/occurrences/eecb7e8b-8a92-4002-91c4-ed4f720565d4","HUMAN_OBSERVATION",1997,12,7,"1997-12-07","WGS84"
"375",9297097,"Eichhornia crassipes",-121.578,38.1302,NA,NA,"PRESENT",NA,"EDDMaps",NA,NA,NA,1998,1,1,"01-01-98","WGS84"
"376",3877684,"Eichhornia crassipes",-93.88,17.9,NA,NA,"PRESENT",NA,"EDDMaps",NA,NA,NA,1998,2,8,"02-08-98","WGS84"
"377",3813130,"Eichhornia crassipes",-99.22,18.56,NA,NA,"PRESENT",NA,"EDDMaps",NA,NA,NA,1998,2,11,"02-11-98","WGS84"
"378",3728098,"Eichhornia crassipes",-92.6,18.36,NA,NA,"PRESENT",NA,"EDDMaps",NA,NA,NA,1998,3,12,"03-12-98","WGS84"
"379",3813129,"Eichhornia crassipes",-99.07,18.37,NA,NA,"PRESENT",NA,"EDDMaps",NA,NA,NA,1998,3,12,"03-12-98","WGS84"
"380",3728099,"Eichhornia crassipes",-92.47,18.4,NA,NA,"PRESENT",NA,"EDDMaps",NA,NA,NA,1998,3,13,"03-13-98","WGS84"
"381",2479690,"Eichhornia crassipes",-121.78023,38.03187,NA,NA,"PRESENT",NA,"EDDMaps",NA,NA,NA,1998,6,1,"06-01-98","WGS84"
"382",2479691,"Eichhornia crassipes",-121.53969,38.05782,NA,NA,"PRESENT",NA,"EDDMaps",NA,NA,NA,1998,6,1,"06-01-98","WGS84"
"383",2479692,"Eichhornia crassipes",-121.79993,38.03349,NA,NA,"PRESENT",NA,"EDDMaps",NA,NA,NA,1998,6,1,"06-01-98","WGS84"
"384",2479693,"Eichhornia crassipes",-121.53454,38.0662,NA,NA,"PRESENT",NA,"EDDMaps",NA,NA,NA,1998,6,3,"06-01-98","WGS84"
"385",3806301,"Eichhornia crassipes",-92.52,18.36,NA,NA,"PRESENT",NA,"EDDMaps",NA,NA,NA,1998,6,3,"06-03-98","WGS84"
"386",3806302,"Eichhornia crassipes",-92.47,18.31,NA,NA,"PRESENT",NA,"EDDMaps",NA,NA,NA,1998,6,5,"06-05-98","WGS84"
"387",2468660,"Eichhornia crassipes",-92.06049,37.62504,NA,NA,"PRESENT",NA,"EDDMaps",NA,NA,NA,1998,8,1,"08-01-98","WGS84"
"388",2479694,"Eichhornia crassipes",-121.86468,38.03881,NA,NA,"PRESENT",NA,"EDDMaps",NA,NA,NA,1998,8,1,"08-01-98","WGS84"
"389",2479695,"Eichhornia crassipes",-121.51394,37.99738,NA,NA,"PRESENT",NA,"EDDMaps",NA,NA,NA,1998,8,1,"08-01-98","WGS84"
"390",3627912,"Eichhornia crassipes",-92.63,18.27,NA,NA,"PRESENT",NA,"EDDMaps",NA,NA,NA,1998,9,12,"09-12-98","WGS84"
"391",3621279,"Eichhornia crassipes",-92.31,17.97,NA,NA,"PRESENT",NA,"EDDMaps",NA,NA,NA,1998,9,16,"09-16-98","WGS84"
"392",2469235,"Eichhornia crassipes",-76.47283,39.10715,NA,NA,"PRESENT",NA,"EDDMaps",NA,NA,NA,1998,10,8,"10-08-98","WGS84"
"393",2470489,"Eichhornia crassipes",-118.34146,34.26913,NA,NA,"PRESENT",NA,"EDDMaps",NA,NA,NA,1998,10,16,"10-16-98","WGS84"
"394",2046924,"Eichhornia crassipes",-70.60152,41.75968,NA,NA,"PRESENT",NA,"EDDMaps",NA,NA,NA,1998,10,18,"10-18-98","NAD83"
"395",2470482,"Eichhornia crassipes",-121.894,38.096,NA,NA,"PRESENT",NA,"EDDMaps",NA,NA,NA,1998,10,19,"10-19-98","WGS84"
"396",3728112,"Eichhornia crassipes",-92.6,18.4,NA,NA,"PRESENT",NA,"EDDMaps",NA,NA,NA,1998,10,29,"10-29-98","WGS84"
"397",3728105,"Eichhornia crassipes",-92.66,18.24,NA,NA,"PRESENT",NA,"EDDMaps",NA,NA,NA,1998,11,1,"11-01-98","WGS84"
"398",1952,"Eichhornia crassipes",152.891636,-29.684245,"cdround,inmano","AUS","PRESENT",50,"NSW Dept of Planning, Industry and Environment",1451573358,"https://biocache.ala.org.au/occurrences/41168a4f-a0d0-499b-9824-1d6befc0b190","PRESERVED_SPECIMEN",1998,2,5,"1998-02-05","WGS84"
"399",1954,"Eichhornia crassipes",151.444742,-33.299834,"cdround","AUS","PRESENT",100,"NSW Dept of Planning, Industry and Environment",1074886821,"https://biocache.ala.org.au/occurrences/1fa0f62c-fbb3-4163-a64c-9613fb9a614d","HUMAN_OBSERVATION",1998,3,7,"1998-03-07","WGS84"
"400",1955,"Eichhornia crassipes",-95.216239,38.929383,"ambcol","USA","PRESENT",143,"KU",2857034306,NA,"PRESERVED_SPECIMEN",1998,9,9,"1998-09-09","WGS84"
"401",2463230,"Eichhornia crassipes",-93.1577,34.06895,NA,NA,"PRESENT",NA,"EDDMaps",NA,NA,NA,1999,1,1,"01-01-99","WGS84"
"402",2463231,"Eichhornia crassipes",-91.98715,34.24379,NA,NA,"PRESENT",NA,"EDDMaps",NA,NA,NA,1999,1,1,"01-01-99","WGS84"
"403",2463232,"Eichhornia crassipes",-93.08445,35.33048,NA,NA,"PRESENT",NA,"EDDMaps",NA,NA,NA,1999,1,1,"01-01-99","WGS84"
"404",2463233,"Eichhornia crassipes",-92.1981,34.73,NA,NA,"PRESENT",NA,"EDDMaps",NA,NA,NA,1999,1,1,"01-01-99","WGS84"
"405",2466554,"Eichhornia crassipes",-96.54785,28.28503,NA,NA,"PRESENT",NA,"EDDMaps",NA,NA,NA,1999,1,1,"01-01-99","WGS84"
"406",2467034,"Eichhornia crassipes",-75.7165,39.55594,NA,NA,"PRESENT",NA,"EDDMaps",NA,NA,NA,1999,1,1,"01-01-99","WGS84"
"407",2467250,"Eichhornia crassipes",-90.38774,36.72385,NA,NA,"PRESENT",NA,"EDDMaps",NA,NA,NA,1999,1,1,"01-01-99","WGS84"
"408",2467251,"Eichhornia crassipes",-90.37848,38.65415,NA,NA,"PRESENT",NA,"EDDMaps",NA,NA,NA,1999,1,1,"01-01-99","WGS84"
"409",2467570,"Eichhornia crassipes",-97.05969,33.13464,NA,NA,"PRESENT",NA,"EDDMaps",NA,NA,NA,1999,1,1,"01-01-99","WGS84"
"410",2467571,"Eichhornia crassipes",-97.26583,32.76383,NA,NA,"PRESENT",NA,"EDDMaps",NA,NA,NA,1999,1,1,"01-01-99","WGS84"
"411",2468308,"Eichhornia crassipes",-96.48193,28.30438,NA,NA,"PRESENT",NA,"EDDMaps",NA,NA,NA,1999,1,1,"01-01-99","WGS84"
"412",3445666,"Eichhornia crassipes",-91.82,17.78,NA,NA,"PRESENT",NA,"EDDMaps",NA,NA,NA,1999,1,20,"01-20-99","WGS84"
"413",87872,"Eichhornia crassipes",-82.58405,28.80074,NA,NA,"PRESENT",NA,"EDDMaps",NA,NA,NA,1999,5,1,"05-01-99","WGS84"
"414",88078,"Eichhornia crassipes",-80.10506,26.14665,NA,NA,"PRESENT",NA,"EDDMaps",NA,NA,NA,1999,5,1,"05-01-99","WGS84"
"415",88095,"Eichhornia crassipes",-81.37457,29.13994,NA,NA,"PRESENT",NA,"EDDMaps",NA,NA,NA,1999,5,1,"05-01-99","WGS84"
"416",88219,"Eichhornia crassipes",-82.02356,29.20419,NA,NA,"PRESENT",NA,"EDDMaps",NA,NA,NA,1999,5,1,"05-01-99","WGS84"
"417",3735559,"Eichhornia crassipes",-92,17.73,NA,NA,"PRESENT",NA,"EDDMaps",NA,NA,NA,1999,5,24,"05-24-99","WGS84"
"418",2467035,"Eichhornia crassipes",-75.55778,38.69971,NA,NA,"PRESENT",NA,"EDDMaps",NA,NA,NA,1999,7,1,"07-01-99","WGS84"
"419",2467036,"Eichhornia crassipes",-75.0746,38.69288,NA,NA,"PRESENT",NA,"EDDMaps",NA,NA,NA,1999,7,1,"07-01-99","WGS84"
"420",2061903,"Eichhornia crassipes",-72.8002,41.2777,NA,NA,"PRESENT",NA,"EDDMaps",NA,NA,NA,1999,8,12,"08-12-99","WGS84"
"421",2470460,"Eichhornia crassipes",-96.18638,38.39307,NA,NA,"PRESENT",NA,"EDDMaps",NA,NA,NA,1999,9,10,"09-10-99","WGS84"
"422",2469002,"Eichhornia crassipes",-120.416,36.833,NA,NA,"PRESENT",NA,"EDDMaps",NA,NA,NA,1999,9,17,"09-17-99","WGS84"
"423",9145714,"Eichhornia crassipes",-120.464,36.8865,NA,NA,"PRESENT",NA,"EDDMaps",NA,NA,NA,1999,9,17,"09-17-99","WGS84"
"424",3813144,"Eichhornia crassipes",-99.95,18.95,NA,NA,"PRESENT",NA,"EDDMaps",NA,NA,NA,1999,11,4,"11-04-99","WGS84"
"425",3813146,"Eichhornia crassipes",-99.55,18.95,NA,NA,"PRESENT",NA,"EDDMaps",NA,NA,NA,1999,11,4,"11-04-99","WGS84"
"426",3869948,"Eichhornia crassipes",-102.21,19.9,NA,NA,"PRESENT",NA,"EDDMaps",NA,NA,NA,1999,11,13,"11-13-99","WGS84"
"427",1949,"Eichhornia crassipes",151.647095,-32.8179,"cdround","AUS","PRESENT",100,"NSW Dept of Planning, Industry and Environment",1073157807,"https://biocache.ala.org.au/occurrences/44c51ca5-7406-43e1-9869-cd5f55b4ade3","HUMAN_OBSERVATION",1999,3,30,"1999-03-30","WGS84"
"428",1951,"Eichhornia crassipes",151.75102,-32.719131,"cdround","AUS","PRESENT",100,"NSW Dept of Planning, Industry and Environment",1073161468,"https://biocache.ala.org.au/occurrences/a974a516-9d7d-4534-bcdf-b8baad607731","HUMAN_OBSERVATION",1999,4,8,"1999-04-08","WGS84"
"429",2463564,"Eichhornia crassipes",-81.64259,30.00242,NA,NA,"PRESENT",NA,"EDDMaps",NA,NA,NA,2000,1,1,"01-01-00","WGS84"
"430",2480669,"Eichhornia crassipes",-86.28255,39.26789,NA,NA,"PRESENT",NA,"EDDMaps",NA,NA,NA,2000,1,1,"01-01-00","WGS84"
"431",2480670,"Eichhornia crassipes",-86.17127,38.30934,NA,NA,"PRESENT",NA,"EDDMaps",NA,NA,NA,2000,1,1,"01-01-00","WGS84"
"432",2480671,"Eichhornia crassipes",-87.06116,38.08269,NA,NA,"PRESENT",NA,"EDDMaps",NA,NA,NA,2000,1,1,"01-01-00","WGS84"
"433",2480672,"Eichhornia crassipes",-85.14404,39.96028,NA,NA,"PRESENT",NA,"EDDMaps",NA,NA,NA,2000,1,1,"01-01-00","WGS84"
"434",2480673,"Eichhornia crassipes",-85.04523,39.10533,NA,NA,"PRESENT",NA,"EDDMaps",NA,NA,NA,2000,1,1,"01-01-00","WGS84"
"435",3813148,"Eichhornia crassipes",-99.41,18.6,NA,NA,"PRESENT",NA,"EDDMaps",NA,NA,NA,2000,1,5,"01-05-00","WGS84"
"436",86973,"Eichhornia crassipes",-81.48636,27.82925,NA,NA,"PRESENT",NA,"EDDMaps",NA,NA,NA,2000,5,9,"05-09-00","WGS84"
"437",87087,"Eichhornia crassipes",-81.80813,28.60179,NA,NA,"PRESENT",NA,"EDDMaps",NA,NA,NA,2000,5,21,"05-21-00","WGS84"
"438",88503,"Eichhornia crassipes",-81.36836,27.94078,NA,NA,"PRESENT",NA,"EDDMaps",NA,NA,NA,2000,5,24,"05-24-00","WGS84"
"439",88514,"Eichhornia crassipes",-81.44806,27.97615,NA,NA,"PRESENT",NA,"EDDMaps",NA,NA,NA,2000,5,24,"05-24-00","WGS84"
"440",2470768,"Eichhornia crassipes",-87.9916,42.39072,NA,NA,"PRESENT",NA,"EDDMaps",NA,NA,NA,2000,8,1,"08-01-00","WGS84"
"441",3813160,"Eichhornia crassipes",-99.68,18.75,NA,NA,"PRESENT",NA,"EDDMaps",NA,NA,NA,2000,8,7,"08-07-00","WGS84"
"442",3813161,"Eichhornia crassipes",-99.66,18.72,NA,NA,"PRESENT",NA,"EDDMaps",NA,NA,NA,2000,8,7,"08-07-00","WGS84"
"443",3813162,"Eichhornia crassipes",-99.74,18.85,NA,NA,"PRESENT",NA,"EDDMaps",NA,NA,NA,2000,8,7,"08-07-00","WGS84"
"444",3869943,"Eichhornia crassipes",-101.78,19.82,NA,NA,"PRESENT",NA,"EDDMaps",NA,NA,NA,2000,8,10,"08-10-00","WGS84"
"445",3735657,"Eichhornia crassipes",-100.87,19.82,NA,NA,"PRESENT",NA,"EDDMaps",NA,NA,NA,2000,8,11,"08-11-00","WGS84"
"446",87806,"Eichhornia crassipes",-82.43643,29.03219,NA,NA,"PRESENT",NA,"EDDMaps",NA,NA,NA,2000,8,30,"08-30-00","WGS84"
"447",3806296,"Eichhornia crassipes",-102.19,17.95,NA,NA,"PRESENT",NA,"EDDMaps",NA,NA,NA,2000,8,30,"08-30-00","WGS84"
"448",3806297,"Eichhornia crassipes",-97.85,22.2,NA,NA,"PRESENT",NA,"EDDMaps",NA,NA,NA,2000,9,20,"09-20-00","WGS84"
"449",2470480,"Eichhornia crassipes",-117.07,34.2123,NA,NA,"PRESENT",NA,"EDDMaps",NA,NA,NA,2000,10,1,"10-01-00","WGS84"
"450",2479718,"Eichhornia crassipes",-86.07067,31.43584,NA,NA,"PRESENT",NA,"EDDMaps",NA,NA,NA,2000,10,7,"10-07-00","WGS84"
"451",2479720,"Eichhornia crassipes",-86.57718,32.52328,NA,NA,"PRESENT",NA,"EDDMaps",NA,NA,NA,2000,11,11,"11-11-00","WGS84"
"452",87191,"Eichhornia crassipes",-81.38538,28.07779,NA,NA,"PRESENT",NA,"EDDMaps",NA,NA,NA,2000,12,1,"12-01-00","WGS84"
"453",1946,"Eichhornia crassipes",151.484188,-33.257067,"cdround","AUS","PRESENT",1000,"NSW Dept of Planning, Industry and Environment",1069727462,"https://biocache.ala.org.au/occurrences/58786d88-be29-4ae2-ae0c-307d68d932c0","HUMAN_OBSERVATION",2000,3,29,"2000-03-29","WGS84"
"454",1947,"Eichhornia crassipes",-104.911323,38.666237,"cdround,ambinst,incomis","USA","PRESENT",1000,"COLO",2573429727,"https://botanydb.colorado.edu:443/collections/individual/index.php?occid=23145","PRESERVED_SPECIMEN",2000,8,31,"2000-08-31","WGS84"
"455",1948,"Eichhornia crassipes",12.550177,55.797878,"cdround,colmano,inmano","DNK","PRESENT",1000,"DBF-NHMD",1342409036,NA,"PRESERVED_SPECIMEN",2000,10,22,"2000-10-22","WGS84"
