field_1,fid,SciName,decimallon,decimallat,issues,countryCod,occurrence,coordinate,institutio,references,basisOfRec,year,month,day,eventDate,geodeticDa
1,7818171,Geranium lucidum,-122.253381,45.8180768,NA,NA,PRESENT,NA,EDDMaps,NA,NA,2017,5,30,5/30/2017,NA
2,7818163,Geranium lucidum,-122.2544428,45.8184968,NA,NA,PRESENT,NA,EDDMaps,NA,NA,2017,5,30,5/30/2017,NA
3,7818161,Geranium lucidum,-122.3165988,47.6242788,NA,NA,PRESENT,NA,EDDMaps,NA,NA,2018,10,13,10/13/2018,NA
9,7818169,Geranium lucidum,-124.1941041,41.7529217,NA,NA,PRESENT,NA,EDDMaps,NA,NA,2014,10,27,10/27/2014,NA
11,2185609,Geranium lucidum,-123.44629,43.80236,NA,NA,PRESENT,NA,EDDMaps,NA,NA,2011,5,29,2011-29-05,NA
12,2185610,Geranium lucidum,-122.79313,42.19604,NA,NA,PRESENT,NA,EDDMaps,NA,NA,2005,9,13,2005-13-09,NA
13,2185612,Geranium lucidum,-122.79539,42.19989,NA,NA,PRESENT,NA,EDDMaps,NA,NA,2005,9,13,2005-13-09,NA
14,2185613,Geranium lucidum,-123.48448,44.43905,NA,NA,PRESENT,NA,EDDMaps,NA,NA,2006,10,9,10/9/2006,NA
15,2185615,Geranium lucidum,-123.5323,44.43455,NA,NA,PRESENT,NA,EDDMaps,NA,NA,2007,11,9,11/9/2007,NA
16,2185616,Geranium lucidum,-123.47902,44.44073,NA,NA,PRESENT,NA,EDDMaps,NA,NA,2006,10,9,10/9/2006,NA
17,2185617,Geranium lucidum,-123.51179,44.45936,NA,NA,PRESENT,NA,EDDMaps,NA,NA,2009,6,14,6/14/2009,NA
18,2185619,Geranium lucidum,-123.5087,44.46039,NA,NA,PRESENT,NA,EDDMaps,NA,NA,2009,6,14,6/14/2009,NA
19,2185620,Geranium lucidum,-123.52843,44.43457,NA,NA,PRESENT,NA,EDDMaps,NA,NA,2007,11,9,11/9/2007,NA
20,2185622,Geranium lucidum,-123.50402,44.45548,NA,NA,PRESENT,NA,EDDMaps,NA,NA,2009,6,14,6/14/2009,NA
21,2185623,Geranium lucidum,-123.24886,44.07566,NA,NA,PRESENT,NA,EDDMaps,NA,NA,2008,6,15,6/15/2008,NA
22,2185624,Geranium lucidum,-123.17417,44.03801,NA,NA,PRESENT,NA,EDDMaps,NA,NA,2006,5,8,5/8/2006,NA
23,2185625,Geranium lucidum,-122.51339,43.7464,NA,NA,PRESENT,NA,EDDMaps,NA,NA,2004,7,8,7/8/2004,NA
24,2185626,Geranium lucidum,-122.59889,43.96652,NA,NA,PRESENT,NA,EDDMaps,NA,NA,2005,6,8,6/8/2005,NA
25,2185627,Geranium lucidum,-122.58082,43.97313,NA,NA,PRESENT,NA,EDDMaps,NA,NA,2007,1,8,1/8/2007,NA
26,2185628,Geranium lucidum,-122.53253,43.75345,NA,NA,PRESENT,NA,EDDMaps,NA,NA,2008,4,17,4/17/2008,NA
27,2689146,Geranium lucidum,-122.66035,45.70738,NA,NA,PRESENT,NA,EDDMaps,NA,NA,2003,7,13,7/13/2003,WGS84
28,3044947,Geranium lucidum,-122.495,46.32667,NA,NA,PRESENT,NA,EDDMaps,NA,NA,2013,5,28,5/28/2013,WGS84
29,3186324,Geranium lucidum,-123.29167,44.115,NA,NA,PRESENT,NA,EDDMaps,NA,NA,2001,1,11,1/11/2001,WGS84
30,3186338,Geranium lucidum,-122.66333,44.41333,NA,NA,PRESENT,NA,EDDMaps,NA,NA,2001,1,11,1/11/2001,WGS84
31,3191958,Geranium lucidum,-122.95333,43.78,NA,NA,PRESENT,NA,EDDMaps,NA,NA,2001,1,12,1/12/2001,WGS84
32,3970298,Geranium lucidum,-122.69632,45.74548,NA,NA,PRESENT,NA,EDDMaps,NA,NA,2014,9,14,9/14/2014,WGS84
33,4819456,Geranium lucidum,-122.71076,45.87205,NA,NA,PRESENT,NA,EDDMaps,NA,NA,2001,1,15,1/15/2001,WGS84
34,4819457,Geranium lucidum,-122.70908,45.87138,NA,NA,PRESENT,NA,EDDMaps,NA,NA,2001,1,15,1/15/2001,WGS84
35,4819458,Geranium lucidum,-122.54005,45.82133,NA,NA,PRESENT,NA,EDDMaps,NA,NA,2001,1,15,1/15/2001,WGS84
36,4819460,Geranium lucidum,-122.5428,45.81818,NA,NA,PRESENT,NA,EDDMaps,NA,NA,2015,4,27,4/27/2015,WGS84
37,4819463,Geranium lucidum,-122.75394,45.72097,NA,NA,PRESENT,NA,EDDMaps,NA,NA,2001,1,15,1/15/2001,WGS84
38,4819464,Geranium lucidum,-122.66904,45.70921,NA,NA,PRESENT,NA,EDDMaps,NA,NA,2001,1,15,1/15/2001,WGS84
39,4819465,Geranium lucidum,-122.65236,45.70731,NA,NA,PRESENT,NA,EDDMaps,NA,NA,2001,1,15,1/15/2001,WGS84
40,4819466,Geranium lucidum,-122.28118,45.56608,NA,NA,PRESENT,NA,EDDMaps,NA,NA,2015,4,20,4/20/2015,WGS84
41,4819468,Geranium lucidum,-122.27355,45.56461,NA,NA,PRESENT,NA,EDDMaps,NA,NA,2001,1,15,1/15/2001,WGS84
42,4819475,Geranium lucidum,-122.2669,45.56119,NA,NA,PRESENT,NA,EDDMaps,NA,NA,2005,7,14,7/14/2005,WGS84
43,4819477,Geranium lucidum,-122.25544,45.55904,NA,NA,PRESENT,NA,EDDMaps,NA,NA,2001,1,15,1/15/2001,WGS84
44,4821567,Geranium lucidum,-122.39253,47.29913,NA,NA,PRESENT,NA,EDDMaps,NA,NA,2001,1,15,1/15/2001,WGS84
45,4821568,Geranium lucidum,-122.35252,47.27506,NA,NA,PRESENT,NA,EDDMaps,NA,NA,2001,1,15,1/15/2001,WGS84
46,4821569,Geranium lucidum,-122.6748,47.08016,NA,NA,PRESENT,NA,EDDMaps,NA,NA,2001,1,15,1/15/2001,WGS84
47,4821570,Geranium lucidum,-122.69343,47.07302,NA,NA,PRESENT,NA,EDDMaps,NA,NA,2001,1,15,1/15/2001,WGS84
48,4822386,Geranium lucidum,-121.92948,45.67516,NA,NA,PRESENT,NA,EDDMaps,NA,NA,2001,1,15,1/15/2001,WGS84
49,4822388,Geranium lucidum,-122.24469,45.56034,NA,NA,PRESENT,NA,EDDMaps,NA,NA,2001,1,15,1/15/2001,WGS84
50,4822590,Geranium lucidum,-122.85558,48.65731,NA,NA,PRESENT,NA,EDDMaps,NA,NA,2001,1,15,1/15/2001,WGS84
52,4823152,Geranium lucidum,-122.2739,47.69706,NA,NA,PRESENT,NA,EDDMaps,NA,NA,2001,1,15,1/15/2001,WGS84
53,4823246,Geranium lucidum,-122.47727,48.48973,NA,NA,PRESENT,NA,EDDMaps,NA,NA,2009,4,13,4/13/2009,WGS84
54,7822909,Geranium lucidum,-122.5017,45.63324,NA,NA,PRESENT,NA,EDDMaps,NA,NA,2018,10,30,10/30/2018,WGS84
55,8166922,Geranium lucidum,-122.0618,45.0841,NA,NA,PRESENT,NA,EDDMaps,NA,NA,2016,6,22,6/22/2019,WGS84
56,8374079,Geranium lucidum,-122.474,44.9705,NA,NA,PRESENT,NA,EDDMaps,NA,NA,2009,8,12,8/12/2009,WGS84
57,8375292,Geranium lucidum,-122.463,44.7989,NA,NA,PRESENT,NA,EDDMaps,NA,NA,2003,6,12,6/12/2003,WGS84
58,8375982,Geranium lucidum,-122.66,44.6031,NA,NA,PRESENT,NA,EDDMaps,NA,NA,2012,10,23,10/23/2012,WGS84
59,8376415,Geranium lucidum,-123.484,45.2602,NA,NA,PRESENT,NA,EDDMaps,NA,NA,2004,12,12,12/12/2004,WGS84
60,8376425,Geranium lucidum,-123.466,45.2369,NA,NA,PRESENT,NA,EDDMaps,NA,NA,2003,6,12,6/12/2003,WGS84
61,8376451,Geranium lucidum,-123.493,45.2247,NA,NA,PRESENT,NA,EDDMaps,NA,NA,2003,6,12,6/12/2003,WGS84
62,8376454,Geranium lucidum,-123.468,45.2669,NA,NA,PRESENT,NA,EDDMaps,NA,NA,2004,12,12,12/12/2004,WGS84
63,8376455,Geranium lucidum,-123.466,45.27,NA,NA,PRESENT,NA,EDDMaps,NA,NA,2004,12,12,12/12/2004,WGS84
64,8376459,Geranium lucidum,-123.476,45.2656,NA,NA,PRESENT,NA,EDDMaps,NA,NA,2004,12,12,12/12/2004,WGS84
65,8376535,Geranium lucidum,-123.449,44.1805,NA,NA,PRESENT,NA,EDDMaps,NA,NA,2012,9,14,9/14/2012,WGS84
66,8378777,Geranium lucidum,-123.355,45.3779,NA,NA,PRESENT,NA,EDDMaps,NA,NA,2012,3,21,3/21/2012,WGS84
67,8378798,Geranium lucidum,-123.512,45.1873,NA,NA,PRESENT,NA,EDDMaps,NA,NA,2003,2,12,2/12/2003,WGS84
68,8378801,Geranium lucidum,-123.433,45.1774,NA,NA,PRESENT,NA,EDDMaps,NA,NA,2003,12,12,12/12/2003,WGS84
69,8378809,Geranium lucidum,-123.461,45.1925,NA,NA,PRESENT,NA,EDDMaps,NA,NA,2003,12,12,12/12/2003,WGS84
70,8378830,Geranium lucidum,-123.494,45.2052,NA,NA,PRESENT,NA,EDDMaps,NA,NA,2003,2,12,2/12/2003,WGS84
71,8378848,Geranium lucidum,-123.378,45.3447,NA,NA,PRESENT,NA,EDDMaps,NA,NA,2003,10,12,10/12/2003,WGS84
72,8378854,Geranium lucidum,-123.316,45.3898,NA,NA,PRESENT,NA,EDDMaps,NA,NA,2012,3,30,3/30/2012,WGS84
73,8378868,Geranium lucidum,-123.321,45.3985,NA,NA,PRESENT,NA,EDDMaps,NA,NA,2012,3,30,3/30/2012,WGS84
74,8378900,Geranium lucidum,-123.381,45.3708,NA,NA,PRESENT,NA,EDDMaps,NA,NA,2012,3,16,3/16/2012,WGS84
75,8378907,Geranium lucidum,-123.331,45.4027,NA,NA,PRESENT,NA,EDDMaps,NA,NA,2012,3,26,3/26/2012,WGS84
76,8378909,Geranium lucidum,-123.304,45.4157,NA,NA,PRESENT,NA,EDDMaps,NA,NA,2012,3,30,3/30/2012,WGS84
77,8378915,Geranium lucidum,-123.339,45.3917,NA,NA,PRESENT,NA,EDDMaps,NA,NA,2012,3,26,3/26/2012,WGS84
78,8378934,Geranium lucidum,-123.362,45.3968,NA,NA,PRESENT,NA,EDDMaps,NA,NA,2012,3,24,3/24/2012,WGS84
79,8378968,Geranium lucidum,-123.358,45.3819,NA,NA,PRESENT,NA,EDDMaps,NA,NA,2012,3,21,3/21/2012,WGS84
80,8378974,Geranium lucidum,-123.378,45.3713,NA,NA,PRESENT,NA,EDDMaps,NA,NA,2012,3,13,3/16/2012,WGS84
81,8378996,Geranium lucidum,-123.426,45.3874,NA,NA,PRESENT,NA,EDDMaps,NA,NA,2012,3,19,3/19/2012,WGS84
82,8379002,Geranium lucidum,-123.376,45.3928,NA,NA,PRESENT,NA,EDDMaps,NA,NA,2012,3,21,3/21/2012,WGS84
83,8379228,Geranium lucidum,-122.484,44.9821,NA,NA,PRESENT,NA,EDDMaps,NA,NA,2009,8,12,8/12/2009,WGS84
84,8379346,Geranium lucidum,-122.492,45.0159,NA,NA,PRESENT,NA,EDDMaps,NA,NA,2012,11,21,11/21/2012,WGS84
85,8379388,Geranium lucidum,-122.49,45.0438,NA,NA,PRESENT,NA,EDDMaps,NA,NA,2012,10,23,10/23/2012,WGS84
86,8379914,Geranium lucidum,-122.443,44.9631,NA,NA,PRESENT,NA,EDDMaps,NA,NA,2012,9,13,9/13/2012,WGS84
87,8380116,Geranium lucidum,-122.489,45.0666,NA,NA,PRESENT,NA,EDDMaps,NA,NA,2012,10,23,10/23/2012,WGS84
88,8380154,Geranium lucidum,-122.485,45.0211,NA,NA,PRESENT,NA,EDDMaps,NA,NA,2012,10,23,10/23/2012,WGS84
89,8380370,Geranium lucidum,-122.486,45.0336,NA,NA,PRESENT,NA,EDDMaps,NA,NA,2012,10,23,10/23/2012,WGS84
90,8380403,Geranium lucidum,-122.494,45.0613,NA,NA,PRESENT,NA,EDDMaps,NA,NA,2012,10,23,10/23/2012,WGS84
91,8380433,Geranium lucidum,-122.491,45.0558,NA,NA,PRESENT,NA,EDDMaps,NA,NA,2012,10,23,10/23/2012,WGS84
92,8380490,Geranium lucidum,-122.483,45.0163,NA,NA,PRESENT,NA,EDDMaps,NA,NA,2012,10,23,10/23/2012,WGS84
93,8383908,Geranium lucidum,-123.462,45.1879,NA,NA,PRESENT,NA,EDDMaps,NA,NA,2003,12,12,12/12/2003,WGS84
94,8383913,Geranium lucidum,-123.354,45.3899,NA,NA,PRESENT,NA,EDDMaps,NA,NA,2012,3,24,3/24/2012,WGS84
95,8383935,Geranium lucidum,-123.432,45.2711,NA,NA,PRESENT,NA,EDDMaps,NA,NA,2004,11,12,11/12/2004,WGS84
96,8383968,Geranium lucidum,-123.485,45.2138,NA,NA,PRESENT,NA,EDDMaps,NA,NA,2003,2,12,2/12/2003,WGS84
97,8383982,Geranium lucidum,-123.322,45.3927,NA,NA,PRESENT,NA,EDDMaps,NA,NA,2012,3,30,3/30/2012,WGS84
98,8383998,Geranium lucidum,-123.306,45.3705,NA,NA,PRESENT,NA,EDDMaps,NA,NA,2012,3,28,3/28/2012,WGS84
99,8384003,Geranium lucidum,-123.487,45.2076,NA,NA,PRESENT,NA,EDDMaps,NA,NA,2003,2,12,2/12/2003,WGS84
100,8386030,Geranium lucidum,-123.539,45.2237,NA,NA,PRESENT,NA,EDDMaps,NA,NA,2008,1,15,1/15/2008,WGS84
101,8386033,Geranium lucidum,-123.582,45.2727,NA,NA,PRESENT,NA,EDDMaps,NA,NA,2008,1,15,1/15/2008,WGS84
102,8386041,Geranium lucidum,-123.592,45.2811,NA,NA,PRESENT,NA,EDDMaps,NA,NA,2008,1,15,1/15/2008,WGS84
103,8386408,Geranium lucidum,-123.366,42.9947,NA,NA,PRESENT,NA,EDDMaps,NA,NA,2017,6,27,6/27/2017,WGS84
104,8386439,Geranium lucidum,-123.394,43.0166,NA,NA,PRESENT,NA,EDDMaps,NA,NA,2017,5,16,5/16/2017,WGS84
105,8386479,Geranium lucidum,-123.333,43.0119,NA,NA,PRESENT,NA,EDDMaps,NA,NA,2017,6,28,6/28/2017,WGS84
106,8386483,Geranium lucidum,-123.356,43.0244,NA,NA,PRESENT,NA,EDDMaps,NA,NA,2006,7,17,7/17/2006,WGS84
107,8386521,Geranium lucidum,-123.338,43.0075,NA,NA,PRESENT,NA,EDDMaps,NA,NA,2017,6,28,6/28/2017,WGS84
108,8388834,Geranium lucidum,-123.374,45.2823,NA,NA,PRESENT,NA,EDDMaps,NA,NA,2008,10,13,10/13/2008,WGS84
109,8388838,Geranium lucidum,-123.363,45.3052,NA,NA,PRESENT,NA,EDDMaps,NA,NA,2013,7,21,7/21/2013,WGS84
110,8388853,Geranium lucidum,-123.364,45.3098,NA,NA,PRESENT,NA,EDDMaps,NA,NA,2013,7,21,7/21/2013,WGS84
111,8388854,Geranium lucidum,-123.374,45.3097,NA,NA,PRESENT,NA,EDDMaps,NA,NA,2013,7,21,7/21/2013,WGS84
112,8388868,Geranium lucidum,-123.353,45.3025,NA,NA,PRESENT,NA,EDDMaps,NA,NA,2008,6,13,6/13/2008,WGS84
113,8388870,Geranium lucidum,-123.339,45.3122,NA,NA,PRESENT,NA,EDDMaps,NA,NA,2013,7,17,7/17/2013,WGS84
114,8388885,Geranium lucidum,-123.295,45.2743,NA,NA,PRESENT,NA,EDDMaps,NA,NA,2013,8,20,8/20/2013,WGS84
115,8388899,Geranium lucidum,-123.326,45.2845,NA,NA,PRESENT,NA,EDDMaps,NA,NA,2013,8,28,8/28/2013,WGS84
116,8388931,Geranium lucidum,-123.324,45.3143,NA,NA,PRESENT,NA,EDDMaps,NA,NA,2013,7,17,7/17/2013,WGS84
117,8388942,Geranium lucidum,-123.362,45.2844,NA,NA,PRESENT,NA,EDDMaps,NA,NA,2008,10,13,10/13/2008,WGS84
118,8388950,Geranium lucidum,-123.347,45.303,NA,NA,PRESENT,NA,EDDMaps,NA,NA,2008,6,13,6/13/2008,WGS84
119,8389002,Geranium lucidum,-123.331,45.2806,NA,NA,PRESENT,NA,EDDMaps,NA,NA,2013,8,28,8/28/2013,WGS84
120,8389353,Geranium lucidum,-123.032,42.4555,NA,NA,PRESENT,NA,EDDMaps,NA,NA,2017,4,18,4/18/2017,WGS84
121,8390415,Geranium lucidum,-123.582,44.3457,NA,NA,PRESENT,NA,EDDMaps,NA,NA,2015,6,26,6/26/2015,WGS84
122,8391478,Geranium lucidum,-123.521,45.4589,NA,NA,PRESENT,NA,EDDMaps,NA,NA,2013,11,27,11/27/2013,WGS84
123,8392798,Geranium lucidum,-122.899,43.2994,NA,NA,PRESENT,NA,EDDMaps,NA,NA,2013,6,26,6/26/2013,WGS84
124,8393771,Geranium lucidum,-123.611,42.5612,NA,NA,PRESENT,NA,EDDMaps,NA,NA,2017,11,25,11/25/2017,WGS84
125,8393786,Geranium lucidum,-123.584,42.5979,NA,NA,PRESENT,NA,EDDMaps,NA,NA,2017,5,30,5/30/2017,WGS84
126,8393875,Geranium lucidum,-123.38,45.0108,NA,NA,PRESENT,NA,EDDMaps,NA,NA,2016,9,23,9/23/2016,WGS84
127,8393919,Geranium lucidum,-123.342,45.2903,NA,NA,PRESENT,NA,EDDMaps,NA,NA,2008,6,13,6/13/2008,WGS84
128,8393928,Geranium lucidum,-123.355,45.2934,NA,NA,PRESENT,NA,EDDMaps,NA,NA,2008,6,13,6/13/2008,WGS84
129,8393938,Geranium lucidum,-123.553,45.2057,NA,NA,PRESENT,NA,EDDMaps,NA,NA,2015,9,23,9/23/2015,WGS84
130,8393954,Geranium lucidum,-123.535,45.1947,NA,NA,PRESENT,NA,EDDMaps,NA,NA,2011,8,13,8/13/2011,WGS84
131,8394067,Geranium lucidum,-123.578,44.3362,NA,NA,PRESENT,NA,EDDMaps,NA,NA,2007,7,15,7/15/2007,WGS84
132,8394068,Geranium lucidum,-123.435,44.293,NA,NA,PRESENT,NA,EDDMaps,NA,NA,2015,6,17,6/17/2015,WGS84
133,8394330,Geranium lucidum,-123.576,44.3044,NA,NA,PRESENT,NA,EDDMaps,NA,NA,2007,1,15,1/15/2007,WGS84
134,8395958,Geranium lucidum,-122.403,44.5828,NA,NA,PRESENT,NA,EDDMaps,NA,NA,2008,3,17,3/17/2008,WGS84
135,8396546,Geranium lucidum,-122.816,43.671,NA,NA,PRESENT,NA,EDDMaps,NA,NA,2015,8,16,8/16/2015,WGS84
136,8399922,Geranium lucidum,-123.668,44.3368,NA,NA,PRESENT,NA,EDDMaps,NA,NA,2016,7,16,7/16/2016,WGS84
137,8400892,Geranium lucidum,-123.529,45.2179,NA,NA,PRESENT,NA,EDDMaps,NA,NA,2011,11,13,11/13/2011,WGS84
138,8400947,Geranium lucidum,-123.508,45.2341,NA,NA,PRESENT,NA,EDDMaps,NA,NA,2013,10,29,10/29/2013,WGS84
139,8400952,Geranium lucidum,-123.572,45.226,NA,NA,PRESENT,NA,EDDMaps,NA,NA,2013,10,23,10/23/2013,WGS84
140,8400978,Geranium lucidum,-123.488,45.3002,NA,NA,PRESENT,NA,EDDMaps,NA,NA,2013,11,20,11/20/2013,WGS84
141,8400996,Geranium lucidum,-123.544,45.2772,NA,NA,PRESENT,NA,EDDMaps,NA,NA,2013,11,20,11/20/2013,WGS84
142,8401027,Geranium lucidum,-123.578,45.2677,NA,NA,PRESENT,NA,EDDMaps,NA,NA,2010,7,14,7/14/2010,WGS84
143,8401044,Geranium lucidum,-123.544,45.283,NA,NA,PRESENT,NA,EDDMaps,NA,NA,2013,11,20,11/20/2013,WGS84
144,8401056,Geranium lucidum,-123.575,45.2729,NA,NA,PRESENT,NA,EDDMaps,NA,NA,2010,7,14,7/14/2010,WGS84
145,8401124,Geranium lucidum,-123.519,45.458,NA,NA,PRESENT,NA,EDDMaps,NA,NA,2013,11,27,11/27/2013,WGS84
146,8401133,Geranium lucidum,-123.584,45.2647,NA,NA,PRESENT,NA,EDDMaps,NA,NA,2010,7,14,7/14/2010,WGS84
147,8401134,Geranium lucidum,-123.492,45.2928,NA,NA,PRESENT,NA,EDDMaps,NA,NA,2013,11,20,11/20/2013,WGS84
148,8401254,Geranium lucidum,-122.77,43.8147,NA,NA,PRESENT,NA,EDDMaps,NA,NA,2006,3,14,3/14/2006,WGS84
149,8401515,Geranium lucidum,-123.377,43.8744,NA,NA,PRESENT,NA,EDDMaps,NA,NA,2015,6,30,6/30/2015,WGS84
150,8401520,Geranium lucidum,-122.962,43.7782,NA,NA,PRESENT,NA,EDDMaps,NA,NA,2015,7,29,7/29/2015,WGS84
151,8401706,Geranium lucidum,-123.446,44.0268,NA,NA,PRESENT,NA,EDDMaps,NA,NA,2005,6,13,6/13/2005,WGS84
152,8401823,Geranium lucidum,-123.496,44.2447,NA,NA,PRESENT,NA,EDDMaps,NA,NA,2013,6,24,6/24/2013,WGS84
153,8401826,Geranium lucidum,-123.174,44.038,NA,NA,PRESENT,NA,EDDMaps,NA,NA,2001,1,14,1/14/2001,WGS84
154,8401871,Geranium lucidum,-123.26,43.816,NA,NA,PRESENT,NA,EDDMaps,NA,NA,2014,5,19,5/19/2014,WGS84
155,8401976,Geranium lucidum,-123.661,43.9859,NA,NA,PRESENT,NA,EDDMaps,NA,NA,2003,1,13,1/13/2003,WGS84
156,8402002,Geranium lucidum,-123.271,43.1034,NA,NA,PRESENT,NA,EDDMaps,NA,NA,2016,4,13,4/13/2016,WGS84
157,8403200,Geranium lucidum,-123.487,44.9847,NA,NA,PRESENT,NA,EDDMaps,NA,NA,2016,7,21,7/21/2016,WGS84
158,8403226,Geranium lucidum,-123.499,44.9838,NA,NA,PRESENT,NA,EDDMaps,NA,NA,2016,7,21,7/21/2016,WGS84
159,8403290,Geranium lucidum,-123.521,44.9911,NA,NA,PRESENT,NA,EDDMaps,NA,NA,2007,6,16,6/16/2007,WGS84
160,8403303,Geranium lucidum,-123.51,44.9902,NA,NA,PRESENT,NA,EDDMaps,NA,NA,2007,5,16,5/16/2007,WGS84
161,8403349,Geranium lucidum,-123.549,44.9931,NA,NA,PRESENT,NA,EDDMaps,NA,NA,2007,6,16,6/16/2007,WGS84
162,8403380,Geranium lucidum,-123.563,44.9901,NA,NA,PRESENT,NA,EDDMaps,NA,NA,2007,6,16,6/16/2007,WGS84
163,8403446,Geranium lucidum,-123.577,44.9945,NA,NA,PRESENT,NA,EDDMaps,NA,NA,2007,12,16,12/16/2007,WGS84
164,8403591,Geranium lucidum,-123.526,45.1096,NA,NA,PRESENT,NA,EDDMaps,NA,NA,2013,10,21,10/21/2013,WGS84
165,8403615,Geranium lucidum,-123.481,45.1865,NA,NA,PRESENT,NA,EDDMaps,NA,NA,2014,10,27,10/27/2014,WGS84
166,8403635,Geranium lucidum,-123.492,45.1881,NA,NA,PRESENT,NA,EDDMaps,NA,NA,2014,10,27,10/27/2014,WGS84
167,8403648,Geranium lucidum,-123.566,45.1472,NA,NA,PRESENT,NA,EDDMaps,NA,NA,2013,10,19,10/19/2013,WGS84
168,8403679,Geranium lucidum,-123.499,45.1958,NA,NA,PRESENT,NA,EDDMaps,NA,NA,2014,10,27,10/27/2014,WGS84
169,8403750,Geranium lucidum,-123.544,45.1965,NA,NA,PRESENT,NA,EDDMaps,NA,NA,2011,8,13,8/13/2011,WGS84
170,8403762,Geranium lucidum,-123.532,45.2125,NA,NA,PRESENT,NA,EDDMaps,NA,NA,2013,10,18,10/18/2013,WGS84
171,8403787,Geranium lucidum,-123.565,45.2162,NA,NA,PRESENT,NA,EDDMaps,NA,NA,2013,10,23,10/23/2013,WGS84
172,8403790,Geranium lucidum,-123.362,45.3429,NA,NA,PRESENT,NA,EDDMaps,NA,NA,2010,1,13,1/13/2010,WGS84
173,8403806,Geranium lucidum,-123.307,45.3856,NA,NA,PRESENT,NA,EDDMaps,NA,NA,2009,9,13,9/13/2009,WGS84
174,8403841,Geranium lucidum,-123.29,45.4233,NA,NA,PRESENT,NA,EDDMaps,NA,NA,2014,11,17,11/17/2014,WGS84
175,8403845,Geranium lucidum,-123.251,45.4313,NA,NA,PRESENT,NA,EDDMaps,NA,NA,2014,11,18,11/18/2014,WGS84
176,8403881,Geranium lucidum,-123.333,45.4262,NA,NA,PRESENT,NA,EDDMaps,NA,NA,2009,8,13,8/13/2009,WGS84
177,8403904,Geranium lucidum,-123.335,45.4297,NA,NA,PRESENT,NA,EDDMaps,NA,NA,2009,8,13,8/13/2009,WGS84
178,8403955,Geranium lucidum,-123.351,45.3505,NA,NA,PRESENT,NA,EDDMaps,NA,NA,2014,11,29,11/29/2014,WGS84
179,8403958,Geranium lucidum,-123.352,45.3355,NA,NA,PRESENT,NA,EDDMaps,NA,NA,2010,1,13,1/13/2010,WGS84
180,8403995,Geranium lucidum,-123.306,45.4356,NA,NA,PRESENT,NA,EDDMaps,NA,NA,2009,2,13,2/13/2009,WGS84
181,8404126,Geranium lucidum,-123.026,42.4572,NA,NA,PRESENT,NA,EDDMaps,NA,NA,2017,4,20,4/20/2017,WGS84
182,8404426,Geranium lucidum,-123.043,42.2601,NA,NA,PRESENT,NA,EDDMaps,NA,NA,2004,9,16,9/16/2004,WGS84
183,8404861,Geranium lucidum,-123.553,44.3049,NA,NA,PRESENT,NA,EDDMaps,NA,NA,2007,8,15,8/15/2007,WGS84
184,8404939,Geranium lucidum,-123.686,44.3074,NA,NA,PRESENT,NA,EDDMaps,NA,NA,2008,3,16,3/16/2008,WGS84
185,8405949,Geranium lucidum,-123.537,45.2783,NA,NA,PRESENT,NA,EDDMaps,NA,NA,2013,11,27,11/27/2013,WGS84
186,8405951,Geranium lucidum,-123.551,45.2791,NA,NA,PRESENT,NA,EDDMaps,NA,NA,2013,11,20,11/20/2013,WGS84
187,8405966,Geranium lucidum,-123.501,45.2894,NA,NA,PRESENT,NA,EDDMaps,NA,NA,2013,11,20,11/20/2013,WGS84
188,8405969,Geranium lucidum,-123.523,45.2308,NA,NA,PRESENT,NA,EDDMaps,NA,NA,2013,10,29,10/29/2013,WGS84
189,8405978,Geranium lucidum,-123.558,45.277,NA,NA,PRESENT,NA,EDDMaps,NA,NA,2013,11,24,11/24/2013,WGS84
190,8405981,Geranium lucidum,-123.565,45.2762,NA,NA,PRESENT,NA,EDDMaps,NA,NA,2013,11,24,11/24/2013,WGS84
191,8406016,Geranium lucidum,-123.025,43.7293,NA,NA,PRESENT,NA,EDDMaps,NA,NA,2016,3,14,3/14/2016,WGS84
192,8406097,Geranium lucidum,-123.182,43.8725,NA,NA,PRESENT,NA,EDDMaps,NA,NA,2017,5,17,5/17/2017,WGS84
193,8406243,Geranium lucidum,-123.436,44.0362,NA,NA,PRESENT,NA,EDDMaps,NA,NA,2014,7,28,7/28/2014,WGS84
194,8406292,Geranium lucidum,-123.134,43.9011,NA,NA,PRESENT,NA,EDDMaps,NA,NA,2005,1,14,1/14/2005,WGS84
195,8406324,Geranium lucidum,-123.47,44.1908,NA,NA,PRESENT,NA,EDDMaps,NA,NA,2014,5,15,5/15/2014,WGS84
196,8406553,Geranium lucidum,-123.362,43.9247,NA,NA,PRESENT,NA,EDDMaps,NA,NA,2004,11,17,11/17/2004,WGS84
197,8406620,Geranium lucidum,-122.866,44.042,NA,NA,PRESENT,NA,EDDMaps,NA,NA,2017,6,19,6/19/2017,WGS84
198,8406713,Geranium lucidum,-123.104,43.9023,NA,NA,PRESENT,NA,EDDMaps,NA,NA,2006,8,17,8/17/2006,WGS84
199,8406783,Geranium lucidum,-123.372,43.852,NA,NA,PRESENT,NA,EDDMaps,NA,NA,2014,6,19,6/19/2014,WGS84
200,8406828,Geranium lucidum,-122.872,43.7711,NA,NA,PRESENT,NA,EDDMaps,NA,NA,2015,9,28,9/28/2015,WGS84
201,8406896,Geranium lucidum,-123.715,44.2783,NA,NA,PRESENT,NA,EDDMaps,NA,NA,2016,9,21,9/21/2016,WGS84
202,8407287,Geranium lucidum,-123.529,43.3188,NA,NA,PRESENT,NA,EDDMaps,NA,NA,2005,6,13,6/13/2005,WGS84
203,8407569,Geranium lucidum,-123.351,43.0131,NA,NA,PRESENT,NA,EDDMaps,NA,NA,2016,4,22,4/22/2016,WGS84
204,8408825,Geranium lucidum,-123.355,45.343,NA,NA,PRESENT,NA,EDDMaps,NA,NA,2010,1,13,1/13/2010,WGS84
205,8408844,Geranium lucidum,-123.533,45.206,NA,NA,PRESENT,NA,EDDMaps,NA,NA,2013,10,18,10/18/2013,WGS84
206,8408864,Geranium lucidum,-123.346,45.3521,NA,NA,PRESENT,NA,EDDMaps,NA,NA,2014,11,29,11/29/2014,WGS84
207,8409293,Geranium lucidum,-123.009,42.4593,NA,NA,PRESENT,NA,EDDMaps,NA,NA,2017,4,20,4/20/2017,WGS84
208,8409956,Geranium lucidum,-123.646,44.3002,NA,NA,PRESENT,NA,EDDMaps,NA,NA,2016,9,19,9/19/2016,WGS84
209,8409979,Geranium lucidum,-123.517,44.4718,NA,NA,PRESENT,NA,EDDMaps,NA,NA,2016,6,30,6/30/2016,WGS84
210,8410030,Geranium lucidum,-123.524,44.474,NA,NA,PRESENT,NA,EDDMaps,NA,NA,2016,6,30,6/30/2016,WGS84
211,8411235,Geranium lucidum,-123.577,45.2292,NA,NA,PRESENT,NA,EDDMaps,NA,NA,2013,10,23,10/23/2013,WGS84
212,8411238,Geranium lucidum,-123.505,45.2842,NA,NA,PRESENT,NA,EDDMaps,NA,NA,2013,11,20,11/20/2013,WGS84
213,8411240,Geranium lucidum,-123.536,45.2818,NA,NA,PRESENT,NA,EDDMaps,NA,NA,2013,11,20,11/20/2013,WGS84
214,8411241,Geranium lucidum,-123.567,45.2194,NA,NA,PRESENT,NA,EDDMaps,NA,NA,2013,10,23,10/23/2013,WGS84
215,8411242,Geranium lucidum,-123.514,45.2321,NA,NA,PRESENT,NA,EDDMaps,NA,NA,2013,10,29,10/29/2013,WGS84
216,8411243,Geranium lucidum,-123.527,45.2814,NA,NA,PRESENT,NA,EDDMaps,NA,NA,2013,11,20,11/20/2013,WGS84
217,8411244,Geranium lucidum,-123.529,45.2269,NA,NA,PRESENT,NA,EDDMaps,NA,NA,2013,10,29,10/29/2013,WGS84
218,8411258,Geranium lucidum,-123.586,45.2349,NA,NA,PRESENT,NA,EDDMaps,NA,NA,2013,11,24,11/24/2013,WGS84
219,8411273,Geranium lucidum,-123.5,45.2387,NA,NA,PRESENT,NA,EDDMaps,NA,NA,2013,10,29,10/29/2013,WGS84
220,8411279,Geranium lucidum,-123.492,45.299,NA,NA,PRESENT,NA,EDDMaps,NA,NA,2013,11,20,11/20/2013,WGS84
221,8411488,Geranium lucidum,-123.27,43.8882,NA,NA,PRESENT,NA,EDDMaps,NA,NA,2007,1,13,1/13/2007,WGS84
222,8411511,Geranium lucidum,-122.876,43.7675,NA,NA,PRESENT,NA,EDDMaps,NA,NA,2015,9,28,9/28/2015,WGS84
223,8411577,Geranium lucidum,-123.272,43.8895,NA,NA,PRESENT,NA,EDDMaps,NA,NA,2015,6,23,6/23/2015,WGS84
224,8411833,Geranium lucidum,-123.44,43.8906,NA,NA,PRESENT,NA,EDDMaps,NA,NA,2015,6,23,6/23/2015,WGS84
225,8412253,Geranium lucidum,-123.114,43.8649,NA,NA,PRESENT,NA,EDDMaps,NA,NA,2006,8,17,8/17/2006,WGS84
226,8412254,Geranium lucidum,-123.569,43.9042,NA,NA,PRESENT,NA,EDDMaps,NA,NA,2015,5,26,5/26/2015,WGS84
227,8412327,Geranium lucidum,-122.87,43.7785,NA,NA,PRESENT,NA,EDDMaps,NA,NA,2015,9,28,9/28/2015,WGS84
228,8412381,Geranium lucidum,-123.47,43.7677,NA,NA,PRESENT,NA,EDDMaps,NA,NA,2013,8,20,8/20/2013,WGS84
229,8412709,Geranium lucidum,-122.909,43.2962,NA,NA,PRESENT,NA,EDDMaps,NA,NA,2013,7,30,7/30/2013,WGS84
230,8413243,Geranium lucidum,-123.166,43.5089,NA,NA,PRESENT,NA,EDDMaps,NA,NA,2016,6,21,6/21/2016,WGS84
231,8413891,Geranium lucidum,-123.305,45.2647,NA,NA,PRESENT,NA,EDDMaps,NA,NA,2010,10,16,10/16/2010,WGS84
232,8413907,Geranium lucidum,-123.502,45.194,NA,NA,PRESENT,NA,EDDMaps,NA,NA,2014,10,27,10/27/2014,WGS84
233,8413913,Geranium lucidum,-123.548,45.2053,NA,NA,PRESENT,NA,EDDMaps,NA,NA,2013,10,15,10/15/2013,WGS84
234,8414096,Geranium lucidum,-122.224,45.1934,NA,NA,PRESENT,NA,EDDMaps,NA,NA,2008,11,17,11/17/2008,WGS84
235,8414457,Geranium lucidum,-122.208,45.1913,NA,NA,PRESENT,NA,EDDMaps,NA,NA,2010,12,17,12/17/2010,WGS84
236,8414504,Geranium lucidum,-122.169,45.1822,NA,NA,PRESENT,NA,EDDMaps,NA,NA,2010,12,17,12/17/2010,WGS84
237,8414526,Geranium lucidum,-122.116,45.1587,NA,NA,PRESENT,NA,EDDMaps,NA,NA,2010,12,17,12/17/2010,WGS84
238,8415042,Geranium lucidum,-123.035,42.2525,NA,NA,PRESENT,NA,EDDMaps,NA,NA,2004,9,16,9/16/2004,WGS84
239,8415060,Geranium lucidum,-123.037,42.258,NA,NA,PRESENT,NA,EDDMaps,NA,NA,2004,9,16,9/16/2004,WGS84
240,8416701,Geranium lucidum,-123.513,45.2814,NA,NA,PRESENT,NA,EDDMaps,NA,NA,2013,11,20,11/20/2013,WGS84
241,8416822,Geranium lucidum,-123.098,43.8976,NA,NA,PRESENT,NA,EDDMaps,NA,NA,2006,8,17,8/17/2006,WGS84
242,8417789,Geranium lucidum,-123.342,43.0111,NA,NA,PRESENT,NA,EDDMaps,NA,NA,2016,4,22,4/22/2016,WGS84
243,8417858,Geranium lucidum,-123.151,43.4894,NA,NA,PRESENT,NA,EDDMaps,NA,NA,2015,5,27,5/27/2015,WGS84
244,8417912,Geranium lucidum,-123.306,43.0253,NA,NA,PRESENT,NA,EDDMaps,NA,NA,2016,4,29,4/29/2016,WGS84
245,8418826,Geranium lucidum,-123.504,44.9838,NA,NA,PRESENT,NA,EDDMaps,NA,NA,2016,7,21,7/21/2016,WGS84
246,8418950,Geranium lucidum,-123.379,45.306,NA,NA,PRESENT,NA,EDDMaps,NA,NA,2016,7,16,7/16/2016,WGS84
247,8419294,Geranium lucidum,-122.237,45.2174,NA,NA,PRESENT,NA,EDDMaps,NA,NA,2011,5,17,5/17/2011,WGS84
248,8419303,Geranium lucidum,-122.239,45.2197,NA,NA,PRESENT,NA,EDDMaps,NA,NA,2011,5,17,5/17/2011,WGS84
249,8419315,Geranium lucidum,-122.244,45.2229,NA,NA,PRESENT,NA,EDDMaps,NA,NA,2011,5,17,5/17/2011,WGS84
250,8419337,Geranium lucidum,-122.258,45.2392,NA,NA,PRESENT,NA,EDDMaps,NA,NA,2011,5,17,5/17/2011,WGS84
251,8421341,Geranium lucidum,-123.259,44.0289,NA,NA,PRESENT,NA,EDDMaps,NA,NA,2016,6,23,6/23/2016,WGS84
252,8421363,Geranium lucidum,-123.052,43.9629,NA,NA,PRESENT,NA,EDDMaps,NA,NA,2008,10,16,10/16/2008,WGS84
253,8421617,Geranium lucidum,-123.257,44.0281,NA,NA,PRESENT,NA,EDDMaps,NA,NA,2016,6,23,6/23/2016,WGS84
254,8421685,Geranium lucidum,-123.022,44.0912,NA,NA,PRESENT,NA,EDDMaps,NA,NA,2016,6,15,6/15/2016,WGS84
255,8421689,Geranium lucidum,-122.811,43.7002,NA,NA,PRESENT,NA,EDDMaps,NA,NA,2016,6,19,6/19/2016,WGS84
256,8421716,Geranium lucidum,-123.269,44.0416,NA,NA,PRESENT,NA,EDDMaps,NA,NA,2016,6,23,6/23/2016,WGS84
257,8421718,Geranium lucidum,-123.279,44.0414,NA,NA,PRESENT,NA,EDDMaps,NA,NA,2016,6,23,6/23/2016,WGS84
258,8421720,Geranium lucidum,-123.328,44.0372,NA,NA,PRESENT,NA,EDDMaps,NA,NA,2016,6,23,6/23/2016,WGS84
259,8421755,Geranium lucidum,-123.219,44.0415,NA,NA,PRESENT,NA,EDDMaps,NA,NA,2016,6,30,6/30/2016,WGS84
260,8421756,Geranium lucidum,-123.218,44.0369,NA,NA,PRESENT,NA,EDDMaps,NA,NA,2016,6,30,6/30/2016,WGS84
261,8421757,Geranium lucidum,-123.226,44.0316,NA,NA,PRESENT,NA,EDDMaps,NA,NA,2016,6,30,6/30/2016,WGS84
262,8421758,Geranium lucidum,-123.256,44.0153,NA,NA,PRESENT,NA,EDDMaps,NA,NA,2016,6,30,6/30/2016,WGS84
263,8421759,Geranium lucidum,-123.298,43.9888,NA,NA,PRESENT,NA,EDDMaps,NA,NA,2016,6,30,6/30/2016,WGS84
264,8421760,Geranium lucidum,-123.302,43.9877,NA,NA,PRESENT,NA,EDDMaps,NA,NA,2016,6,30,6/30/2016,WGS84
265,8421761,Geranium lucidum,-123.29,44.0231,NA,NA,PRESENT,NA,EDDMaps,NA,NA,2016,6,30,6/30/2016,WGS84
266,8421762,Geranium lucidum,-123.366,44.0404,NA,NA,PRESENT,NA,EDDMaps,NA,NA,2016,6,30,6/30/2016,WGS84
267,8421771,Geranium lucidum,-123.112,44.0153,NA,NA,PRESENT,NA,EDDMaps,NA,NA,2007,12,16,12/16/2007,WGS84
268,8421787,Geranium lucidum,-123.051,44.111,NA,NA,PRESENT,NA,EDDMaps,NA,NA,2016,7,20,7/20/2016,WGS84
269,8421863,Geranium lucidum,-122.828,43.9554,NA,NA,PRESENT,NA,EDDMaps,NA,NA,2008,3,16,3/16/2008,WGS84
270,8421897,Geranium lucidum,-122.947,43.7785,NA,NA,PRESENT,NA,EDDMaps,NA,NA,2008,11,16,11/16/2008,WGS84
271,8421898,Geranium lucidum,-122.939,43.7718,NA,NA,PRESENT,NA,EDDMaps,NA,NA,2008,11,16,11/16/2008,WGS84
272,8421904,Geranium lucidum,-122.9,43.7628,NA,NA,PRESENT,NA,EDDMaps,NA,NA,2008,11,16,11/16/2008,WGS84
273,8421905,Geranium lucidum,-122.908,43.7733,NA,NA,PRESENT,NA,EDDMaps,NA,NA,2008,11,16,11/16/2008,WGS84
274,8421924,Geranium lucidum,-123.054,43.7213,NA,NA,PRESENT,NA,EDDMaps,NA,NA,2016,8,29,8/29/2016,WGS84
275,8421995,Geranium lucidum,-122.782,43.7006,NA,NA,PRESENT,NA,EDDMaps,NA,NA,2016,6,19,6/19/2016,WGS84
276,8421996,Geranium lucidum,-122.932,44.0339,NA,NA,PRESENT,NA,EDDMaps,NA,NA,2016,6,27,6/27/2016,WGS84
277,8421997,Geranium lucidum,-122.842,43.9563,NA,NA,PRESENT,NA,EDDMaps,NA,NA,2016,6,27,6/27/2016,WGS84
278,8422124,Geranium lucidum,-123.047,44.1088,NA,NA,PRESENT,NA,EDDMaps,NA,NA,2016,10,19,10/19/2016,WGS84
279,8422315,Geranium lucidum,-123.114,44.006,NA,NA,PRESENT,NA,EDDMaps,NA,NA,2016,10,26,10/26/2016,WGS84
280,8422321,Geranium lucidum,-123.136,44.0102,NA,NA,PRESENT,NA,EDDMaps,NA,NA,2016,10,26,10/26/2016,WGS84
281,8422387,Geranium lucidum,-124.061,43.8939,NA,NA,PRESENT,NA,EDDMaps,NA,NA,2016,10,31,10/31/2016,WGS84
282,8422447,Geranium lucidum,-123.022,43.9679,NA,NA,PRESENT,NA,EDDMaps,NA,NA,2004,6,17,6/17/2004,WGS84
283,8422723,Geranium lucidum,-123.464,42.4354,NA,NA,PRESENT,NA,EDDMaps,NA,NA,2005,3,16,3/16/2005,WGS84
284,8424976,Geranium lucidum,-122.155,44.7418,NA,NA,PRESENT,NA,EDDMaps,NA,NA,2017,5,22,5/22/2017,WGS84
285,8425915,Geranium lucidum,-122.643,43.8315,NA,NA,PRESENT,NA,EDDMaps,NA,NA,2014,3,20,3/20/2014,WGS84
286,8425935,Geranium lucidum,-122.546,43.7905,NA,NA,PRESENT,NA,EDDMaps,NA,NA,2015,4,22,4/22/2015,WGS84
287,8426260,Geranium lucidum,-122.385,43.759,NA,NA,PRESENT,NA,EDDMaps,NA,NA,2012,10,16,10/16/2012,WGS84
288,8426267,Geranium lucidum,-122.225,43.8836,NA,NA,PRESENT,NA,EDDMaps,NA,NA,2014,5,28,5/28/2014,WGS84
289,8426387,Geranium lucidum,-122.305,43.8892,NA,NA,PRESENT,NA,EDDMaps,NA,NA,2016,5,26,5/26/2016,WGS84
290,8426652,Geranium lucidum,-122.553,43.7892,NA,NA,PRESENT,NA,EDDMaps,NA,NA,2013,6,24,6/24/2013,WGS84
291,8426698,Geranium lucidum,-122.601,43.8345,NA,NA,PRESENT,NA,EDDMaps,NA,NA,2005,11,13,11/13/2005,WGS84
292,8426957,Geranium lucidum,-122.544,43.7874,NA,NA,PRESENT,NA,EDDMaps,NA,NA,2015,4,23,4/23/2015,WGS84
293,8427084,Geranium lucidum,-122.532,43.7586,NA,NA,PRESENT,NA,EDDMaps,NA,NA,2016,12,22,12/22/2016,WGS84
294,8464095,Geranium lucidum,-122.153,45.1595,NA,NA,PRESENT,NA,EDDMaps,NA,NA,2018,5,16,5/16/2018,WGS84
295,8464700,Geranium lucidum,-122.255,44.7282,NA,NA,PRESENT,NA,EDDMaps,NA,NA,2018,5,31,5/31/2018,WGS84
296,8464710,Geranium lucidum,-122.188,44.721,NA,NA,PRESENT,NA,EDDMaps,NA,NA,2006,7,18,7/18/2006,WGS84
297,8465269,Geranium lucidum,-122.308,44.5757,NA,NA,PRESENT,NA,EDDMaps,NA,NA,2004,1,18,1/18/2004,WGS84
298,8465318,Geranium lucidum,-122.436,44.4023,NA,NA,PRESENT,NA,EDDMaps,NA,NA,2004,1,18,1/18/2004,WGS84
299,8465328,Geranium lucidum,-122.391,44.3994,NA,NA,PRESENT,NA,EDDMaps,NA,NA,2018,5,24,5/24/2018,WGS84
300,8465331,Geranium lucidum,-122.116,44.6966,NA,NA,PRESENT,NA,EDDMaps,NA,NA,2018,5,24,5/24/2018,WGS84
301,8465913,Geranium lucidum,-122.465,43.9306,NA,NA,PRESENT,NA,EDDMaps,NA,NA,2007,10,18,10/18/2007,WGS84
302,8465914,Geranium lucidum,-122.508,43.96,NA,NA,PRESENT,NA,EDDMaps,NA,NA,2018,6,20,6/20/2018,WGS84
303,8465918,Geranium lucidum,-122.473,43.9447,NA,NA,PRESENT,NA,EDDMaps,NA,NA,2007,11,18,11/18/2007,WGS84
304,8466333,Geranium lucidum,-123.964,45.0202,NA,NA,PRESENT,NA,EDDMaps,NA,NA,2018,5,14,5/14/2018,WGS84
305,8467142,Geranium lucidum,-124.093,42.2332,NA,NA,PRESENT,NA,EDDMaps,NA,NA,2006,6,18,6/18/2006,WGS84
306,8474675,Geranium lucidum,-123.346,44.3899,NA,NA,PRESENT,NA,EDDMaps,NA,NA,2018,3,28,3/28/2018,WGS84
307,8474944,Geranium lucidum,-122.114,44.709,NA,NA,PRESENT,NA,EDDMaps,NA,NA,2018,6,27,6/27/2018,WGS84
308,8475019,Geranium lucidum,-122.133,44.7175,NA,NA,PRESENT,NA,EDDMaps,NA,NA,2018,6,27,6/27/2018,WGS84
309,8475020,Geranium lucidum,-122.196,44.6945,NA,NA,PRESENT,NA,EDDMaps,NA,NA,2018,6,27,6/27/2018,WGS84
310,8475022,Geranium lucidum,-122.127,44.7144,NA,NA,PRESENT,NA,EDDMaps,NA,NA,2018,6,27,6/27/2018,WGS84
311,8475634,Geranium lucidum,-122.871,45.7716,NA,NA,PRESENT,NA,EDDMaps,NA,NA,2018,3,14,3/14/2018,WGS84
312,8475635,Geranium lucidum,-122.799,45.8572,NA,NA,PRESENT,NA,EDDMaps,NA,NA,2018,3,16,3/16/2018,WGS84
313,8475639,Geranium lucidum,-122.868,45.7729,NA,NA,PRESENT,NA,EDDMaps,NA,NA,2018,3,14,3/14/2018,WGS84
314,8475643,Geranium lucidum,-122.815,45.8511,NA,NA,PRESENT,NA,EDDMaps,NA,NA,2018,5,16,5/16/2018,WGS84
315,8475650,Geranium lucidum,-122.864,45.7596,NA,NA,PRESENT,NA,EDDMaps,NA,NA,2018,6,22,6/22/2018,WGS84
316,8496693,Geranium lucidum,-122.56927,47.59133,NA,NA,PRESENT,NA,EDDMaps,NA,NA,2006,5,20,5/20/2006,WGS84
317,8497173,Geranium lucidum,-122.45835,45.63736,NA,NA,PRESENT,NA,EDDMaps,NA,NA,2006,10,20,10/20/2006,WGS84
319,8930730,Geranium lucidum,-124.123,41.7301,NA,NA,PRESENT,NA,EDDMaps,NA,NA,2018,5,23,5/23/2018,WGS84
320,8978425,Geranium lucidum,-124.096,41.7025,NA,NA,PRESENT,NA,EDDMaps,NA,NA,2018,5,22,5/22/2018,WGS84
322,9015269,Geranium lucidum,-124.148,41.7333,NA,NA,PRESENT,NA,EDDMaps,NA,NA,2017,7,30,7/30/2017,WGS84
323,9015272,Geranium lucidum,-124.139,41.7228,NA,NA,PRESENT,NA,EDDMaps,NA,NA,2017,9,22,9/22/2017,WGS84
326,1,Geranium lucidum,-122.754782,45.532365,cdround,USA,PRESENT,15,iNaturalist,https://www.inaturalist.org/observations/37198865,HUMAN_OBSERVATION,2020,1,1,1/1/2020,WGS84
328,3,Geranium lucidum,-123.082276,43.986409,cdround,USA,PRESENT,151,iNaturalist,https://www.inaturalist.org/observations/37472480,HUMAN_OBSERVATION,2020,1,9,1/9/2020,WGS84
330,6,Geranium lucidum,-122.982082,44.014957,cdround,USA,PRESENT,57,iNaturalist,https://www.inaturalist.org/observations/37831859,HUMAN_OBSERVATION,2020,1,18,1/18/2020,WGS84
331,9,Geranium lucidum,-122.95457,44.002855,NA,USA,PRESENT,95,iNaturalist,https://www.inaturalist.org/observations/38133966,HUMAN_OBSERVATION,2020,1,26,1/26/2020,WGS84
333,12,Geranium lucidum,-122.445675,45.781851,cdround,USA,PRESENT,7,iNaturalist,https://www.inaturalist.org/observations/37761678,HUMAN_OBSERVATION,2020,1,5,1/5/2020,WGS84
335,15,Geranium lucidum,-122.976342,44.679016,cdround,USA,PRESENT,6,iNaturalist,https://www.inaturalist.org/observations/39019459,HUMAN_OBSERVATION,2020,2,21,2/21/2020,WGS84
338,19,Geranium lucidum,-122.986218,45.5014,"cdround,cudc",USA,PRESENT,264,iNaturalist,https://www.inaturalist.org/observations/38281959,HUMAN_OBSERVATION,2020,2,3,2/3/2020,WGS84
341,23,Geranium lucidum,-123.02109,45.234654,cdround,USA,PRESENT,5,iNaturalist,https://www.inaturalist.org/observations/38807644,HUMAN_OBSERVATION,2020,2,18,2/18/2020,WGS84
347,30,Geranium lucidum,-122.759668,45.648053,cdround,USA,PRESENT,30,iNaturalist,https://www.inaturalist.org/observations/39444419,HUMAN_OBSERVATION,2020,3,1,3/1/2020,WGS84
352,39,Geranium lucidum,-122.857128,43.995783,cdround,USA,PRESENT,18,iNaturalist,https://www.inaturalist.org/observations/40116860,HUMAN_OBSERVATION,2020,3,5,3/5/2020,WGS84
353,40,Geranium lucidum,-123.340247,44.413449,cdround,USA,PRESENT,228,iNaturalist,https://www.inaturalist.org/observations/40118011,HUMAN_OBSERVATION,2020,3,12,3/12/2020,WGS84
354,41,Geranium lucidum,-123.269871,44.578111,cdround,USA,PRESENT,17,iNaturalist,https://www.inaturalist.org/observations/40062433,HUMAN_OBSERVATION,2020,3,14,3/14/2020,WGS84
355,43,Geranium lucidum,-123.28935,44.542853,cdround,USA,PRESENT,30,iNaturalist,https://www.inaturalist.org/observations/40213140,HUMAN_OBSERVATION,2020,3,18,3/18/2020,WGS84
356,47,Geranium lucidum,-122.930545,43.786431,cdround,USA,PRESENT,56,iNaturalist,https://www.inaturalist.org/observations/40552030,HUMAN_OBSERVATION,2020,3,22,3/22/2020,WGS84
359,50,Geranium lucidum,-122.650417,45.51655,cdround,USA,PRESENT,10,iNaturalist,https://www.inaturalist.org/observations/40564479,HUMAN_OBSERVATION,2020,3,22,3/22/2020,WGS84
361,52,Geranium lucidum,-122.153136,47.329742,cdround,USA,PRESENT,6,iNaturalist,https://www.inaturalist.org/observations/39819340,HUMAN_OBSERVATION,2020,3,10,3/10/2020,WGS84
365,59,Geranium lucidum,-122.673425,45.451028,cdround,USA,PRESENT,28,iNaturalist,https://www.inaturalist.org/observations/40912218,HUMAN_OBSERVATION,2020,3,28,3/28/2020,WGS84
366,60,Geranium lucidum,-123.27243,44.568775,NA,USA,PRESENT,5,iNaturalist,https://www.inaturalist.org/observations/41545276,HUMAN_OBSERVATION,2020,3,31,3/31/2020,WGS84
370,64,Geranium lucidum,-123.102783,44.000847,cdround,USA,PRESENT,10,iNaturalist,https://www.inaturalist.org/observations/40595575,HUMAN_OBSERVATION,2020,3,23,3/23/2020,WGS84
374,71,Geranium lucidum,-122.944652,43.997914,cdround,USA,PRESENT,31,iNaturalist,https://www.inaturalist.org/observations/41279904,HUMAN_OBSERVATION,2020,4,2,4/2/2020,WGS84
377,75,Geranium lucidum,-123.339159,44.600823,cdround,USA,PRESENT,20,iNaturalist,https://www.inaturalist.org/observations/41737402,HUMAN_OBSERVATION,2020,4,8,4/8/2020,WGS84
388,91,Geranium lucidum,-123.213304,44.695879,cdround,USA,PRESENT,366,iNaturalist,https://www.inaturalist.org/observations/42218729,HUMAN_OBSERVATION,2020,4,14,4/14/2020,WGS84
398,102,Geranium lucidum,-123.080308,44.855817,cdround,USA,PRESENT,10,iNaturalist,https://www.inaturalist.org/observations/41247990,HUMAN_OBSERVATION,2020,4,1,4/1/2020,WGS84
399,103,Geranium lucidum,-122.72946,45.838693,cdround,USA,PRESENT,128,iNaturalist,https://www.inaturalist.org/observations/42788948,HUMAN_OBSERVATION,2020,4,21,4/21/2020,WGS84
400,104,Geranium lucidum,-122.755774,45.60235,cdround,USA,PRESENT,148,iNaturalist,https://www.inaturalist.org/observations/42421908,HUMAN_OBSERVATION,2020,4,17,4/17/2020,WGS84
403,107,Geranium lucidum,-123.364643,45.000061,cdround,USA,PRESENT,61,iNaturalist,https://www.inaturalist.org/observations/42960378,HUMAN_OBSERVATION,2020,4,21,4/21/2020,WGS84
404,108,Geranium lucidum,-122.584604,45.429262,cdround,USA,PRESENT,520,iNaturalist,https://www.inaturalist.org/observations/42348549,HUMAN_OBSERVATION,2020,4,14,4/14/2020,WGS84
407,111,Geranium lucidum,-122.871117,45.452323,cdround,USA,PRESENT,196,iNaturalist,https://www.inaturalist.org/observations/42812927,HUMAN_OBSERVATION,2020,4,20,4/20/2020,WGS84
408,113,Geranium lucidum,-122.594331,45.147564,cdround,USA,PRESENT,11,iNaturalist,https://www.inaturalist.org/observations/42924752,HUMAN_OBSERVATION,2020,4,20,4/20/2020,WGS84
409,114,Geranium lucidum,-122.764221,45.363852,cdround,USA,PRESENT,26,iNaturalist,https://www.inaturalist.org/observations/42359810,HUMAN_OBSERVATION,2020,4,16,4/16/2020,WGS84
411,117,Geranium lucidum,-122.301118,45.500282,cdround,USA,PRESENT,672,iNaturalist,https://www.inaturalist.org/observations/42503890,HUMAN_OBSERVATION,2020,4,18,4/18/2020,WGS84
422,131,Geranium lucidum,-123.309202,44.127768,cdround,USA,PRESENT,17,iNaturalist,https://www.inaturalist.org/observations/43457274,HUMAN_OBSERVATION,2020,4,25,4/25/2020,WGS84
425,134,Geranium lucidum,-123.160071,44.034573,cdround,USA,PRESENT,5,iNaturalist,https://www.inaturalist.org/observations/43214421,HUMAN_OBSERVATION,2020,4,24,4/24/2020,WGS84
433,143,Geranium lucidum,-123.013192,44.027383,cdround,USA,PRESENT,5,iNaturalist,https://www.inaturalist.org/observations/43760331,HUMAN_OBSERVATION,2020,4,26,4/26/2020,WGS84
441,154,Geranium lucidum,-122.980543,44.002542,cdround,USA,PRESENT,10,iNaturalist,https://www.inaturalist.org/observations/43475549,HUMAN_OBSERVATION,2020,4,25,4/25/2020,WGS84
447,161,Geranium lucidum,-122.333299,45.30434,cdround,USA,PRESENT,5,iNaturalist,https://www.inaturalist.org/observations/43459764,HUMAN_OBSERVATION,2020,4,25,4/25/2020,WGS84
448,164,Geranium lucidum,-123.07728,44.007143,cdround,USA,PRESENT,10,iNaturalist,https://www.inaturalist.org/observations/44051582,HUMAN_OBSERVATION,2020,4,27,4/27/2020,WGS84
461,180,Geranium lucidum,-123.32263,44.407922,cdround,USA,PRESENT,50,iNaturalist,https://www.inaturalist.org/observations/44952997,HUMAN_OBSERVATION,2020,4,26,4/26/2020,WGS84
462,182,Geranium lucidum,-123.093269,43.803317,cdround,USA,PRESENT,122,iNaturalist,https://www.inaturalist.org/observations/43834040,HUMAN_OBSERVATION,2020,4,26,4/26/2020,WGS84
463,183,Geranium lucidum,-123.531776,44.570353,cdround,USA,PRESENT,5,iNaturalist,https://www.inaturalist.org/observations/44422189,HUMAN_OBSERVATION,2020,4,30,4/30/2020,WGS84
468,188,Geranium lucidum,-122.497287,45.539361,cdround,USA,PRESENT,22,iNaturalist,https://www.inaturalist.org/observations/44175791,HUMAN_OBSERVATION,2020,4,28,4/28/2020,WGS84
469,189,Geranium lucidum,-123.272812,44.56403,cdround,USA,PRESENT,26,iNaturalist,https://www.inaturalist.org/observations/45436443,HUMAN_OBSERVATION,2020,4,15,4/15/2020,WGS84
474,197,Geranium lucidum,-122.590948,45.513609,cdround,USA,PRESENT,30,iNaturalist,https://www.inaturalist.org/observations/43653204,HUMAN_OBSERVATION,2020,4,26,4/26/2020,WGS84
475,198,Geranium lucidum,-123.325939,44.420184,cdround,USA,PRESENT,526,iNaturalist,https://www.inaturalist.org/observations/42355229,HUMAN_OBSERVATION,2020,4,16,4/16/2020,WGS84
476,199,Geranium lucidum,-122.815208,45.390925,cdround,USA,PRESENT,32,iNaturalist,https://www.inaturalist.org/observations/43484714,HUMAN_OBSERVATION,2020,4,25,4/25/2020,WGS84
477,201,Geranium lucidum,-122.473118,45.389959,cdround,USA,PRESENT,5,iNaturalist,https://www.inaturalist.org/observations/41408691,HUMAN_OBSERVATION,2020,4,4,4/4/2020,WGS84
478,202,Geranium lucidum,-123.084832,44.005355,cdround,USA,PRESENT,65,iNaturalist,https://www.inaturalist.org/observations/44308859,HUMAN_OBSERVATION,2020,4,28,4/28/2020,WGS84
481,206,Geranium lucidum,-123.232906,44.068226,cdround,USA,PRESENT,80,iNaturalist,https://www.inaturalist.org/observations/57199201,HUMAN_OBSERVATION,2020,4,24,4/24/2020,WGS84
482,207,Geranium lucidum,-122.506602,45.641612,cdround,USA,PRESENT,10,iNaturalist,https://www.inaturalist.org/observations/41576739,HUMAN_OBSERVATION,2020,4,6,4/6/2020,WGS84
483,208,Geranium lucidum,-122.946155,44.001931,cdround,USA,PRESENT,164,iNaturalist,https://www.inaturalist.org/observations/69041143,HUMAN_OBSERVATION,2020,4,2,4/2/2020,WGS84
492,222,Geranium lucidum,-123.245266,45.614029,cdround,USA,PRESENT,26,iNaturalist,https://www.inaturalist.org/observations/52910708,HUMAN_OBSERVATION,2020,4,11,4/11/2020,WGS84
501,232,Geranium lucidum,-123.109735,44.050671,cdround,USA,PRESENT,10,iNaturalist,https://www.inaturalist.org/observations/44808174,HUMAN_OBSERVATION,2020,5,3,5/3/2020,WGS84
502,234,Geranium lucidum,-122.416735,45.381312,cdround,USA,PRESENT,109,iNaturalist,https://www.inaturalist.org/observations/44879563,HUMAN_OBSERVATION,2020,5,3,5/3/2020,WGS84
503,235,Geranium lucidum,-122.651151,45.352361,cdround,USA,PRESENT,65,iNaturalist,https://www.inaturalist.org/observations/45028249,HUMAN_OBSERVATION,2020,5,5,5/5/2020,WGS84
505,239,Geranium lucidum,-123.047255,44.906383,cdround,USA,PRESENT,5,iNaturalist,https://www.inaturalist.org/observations/45302554,HUMAN_OBSERVATION,2020,5,8,5/8/2020,WGS84
508,242,Geranium lucidum,-123.020005,44.035869,cdround,USA,PRESENT,83,iNaturalist,https://www.inaturalist.org/observations/46158916,HUMAN_OBSERVATION,2020,5,16,5/16/2020,WGS84
509,243,Geranium lucidum,-122.876734,44.358448,cdround,USA,PRESENT,50,iNaturalist,https://www.inaturalist.org/observations/45524387,HUMAN_OBSERVATION,2020,5,10,5/10/2020,WGS84
519,258,Geranium lucidum,-123.046494,44.047611,cdround,USA,PRESENT,10,iNaturalist,https://www.inaturalist.org/observations/45947090,HUMAN_OBSERVATION,2020,5,14,5/14/2020,WGS84
520,259,Geranium lucidum,-123.053664,44.735718,cdround,USA,PRESENT,5,iNaturalist,https://www.inaturalist.org/observations/45982654,HUMAN_OBSERVATION,2020,5,15,5/15/2020,WGS84
525,264,Geranium lucidum,-123.089088,45.281146,cdround,USA,PRESENT,5,iNaturalist,https://www.inaturalist.org/observations/46148632,HUMAN_OBSERVATION,2020,5,16,5/16/2020,WGS84
526,265,Geranium lucidum,-123.350937,44.57508,cdround,USA,PRESENT,10,iNaturalist,https://www.inaturalist.org/observations/45521772,HUMAN_OBSERVATION,2020,5,10,5/10/2020,WGS84
530,270,Geranium lucidum,-122.761792,45.369218,cdround,USA,PRESENT,9,iNaturalist,https://www.inaturalist.org/observations/45376700,HUMAN_OBSERVATION,2020,5,9,5/9/2020,WGS84
536,277,Geranium lucidum,-123.091217,44.062119,cdround,USA,PRESENT,16,iNaturalist,https://www.inaturalist.org/observations/46903966,HUMAN_OBSERVATION,2020,5,22,5/22/2020,WGS84
537,279,Geranium lucidum,-123.289197,44.57793,cdround,USA,PRESENT,5,iNaturalist,https://www.inaturalist.org/observations/47485391,HUMAN_OBSERVATION,2020,5,17,5/17/2020,WGS84
540,282,Geranium lucidum,-123.092759,44.02286,cdround,USA,PRESENT,25,iNaturalist,https://www.inaturalist.org/observations/47984833,HUMAN_OBSERVATION,2020,5,31,5/31/2020,WGS84
542,284,Geranium lucidum,-123.077007,44.041493,cdround,USA,PRESENT,50,iNaturalist,https://www.inaturalist.org/observations/47365607,HUMAN_OBSERVATION,2020,5,18,5/18/2020,WGS84
543,286,Geranium lucidum,-123.23307,44.668553,cdround,USA,PRESENT,10,iNaturalist,https://www.inaturalist.org/observations/48596225,HUMAN_OBSERVATION,2020,5,19,5/19/2020,WGS84
544,287,Geranium lucidum,-123.078693,44.058526,cdround,USA,PRESENT,9,iNaturalist,https://www.inaturalist.org/observations/47217340,HUMAN_OBSERVATION,2020,5,24,5/24/2020,WGS84
555,304,Geranium lucidum,-122.948634,45.574127,cdround,USA,PRESENT,10,iNaturalist,https://www.inaturalist.org/observations/47871906,HUMAN_OBSERVATION,2020,5,29,5/29/2020,WGS84
556,305,Geranium lucidum,-122.683685,45.572666,cdround,USA,PRESENT,13,iNaturalist,https://www.inaturalist.org/observations/47740235,HUMAN_OBSERVATION,2020,5,29,5/29/2020,WGS84
557,306,Geranium lucidum,-123.080072,44.937769,cdround,USA,PRESENT,6,iNaturalist,https://www.inaturalist.org/observations/47059369,HUMAN_OBSERVATION,2020,5,23,5/23/2020,WGS84
559,308,Geranium lucidum,-122.54548,45.606432,cdround,USA,PRESENT,5,iNaturalist,https://www.inaturalist.org/observations/46033978,HUMAN_OBSERVATION,2020,5,15,5/15/2020,WGS84
560,309,Geranium lucidum,-123.133392,44.029717,cdround,USA,PRESENT,5,iNaturalist,https://www.inaturalist.org/observations/46239572,HUMAN_OBSERVATION,2020,5,17,5/17/2020,WGS84
561,310,Geranium lucidum,-123.095642,43.983251,cdround,USA,PRESENT,129,iNaturalist,https://www.inaturalist.org/observations/48132935,HUMAN_OBSERVATION,2020,5,31,5/31/2020,WGS84
562,311,Geranium lucidum,-123.029751,44.005198,cdround,USA,PRESENT,268,iNaturalist,https://www.inaturalist.org/observations/44817584,HUMAN_OBSERVATION,2020,5,3,5/3/2020,WGS84
579,330,Geranium lucidum,-122.768861,45.42491,cdround,USA,PRESENT,18,iNaturalist,https://www.inaturalist.org/observations/48833768,HUMAN_OBSERVATION,2020,6,7,6/7/2020,WGS84
582,333,Geranium lucidum,-123.076444,43.997044,cdround,USA,PRESENT,31,iNaturalist,https://www.inaturalist.org/observations/48853221,HUMAN_OBSERVATION,2020,6,7,6/7/2020,WGS84
593,349,Geranium lucidum,-122.976927,45.361935,cdround,USA,PRESENT,17,iNaturalist,https://www.inaturalist.org/observations/50124696,HUMAN_OBSERVATION,2020,6,18,6/18/2020,WGS84
594,350,Geranium lucidum,-122.87696,45.44472,cdround,USA,PRESENT,5,iNaturalist,https://www.inaturalist.org/observations/51298348,HUMAN_OBSERVATION,2020,6,28,6/28/2020,WGS84
595,351,Geranium lucidum,-122.892425,44.004336,cdround,USA,PRESENT,10,iNaturalist,https://www.inaturalist.org/observations/49625462,HUMAN_OBSERVATION,2020,6,14,6/14/2020,WGS84
596,352,Geranium lucidum,-122.400124,47.213482,cdround,USA,PRESENT,6,iNaturalist,https://www.inaturalist.org/observations/48371753,HUMAN_OBSERVATION,2020,6,3,6/3/2020,WGS84
604,361,Geranium lucidum,-122.699508,45.39111,cdround,USA,PRESENT,16,iNaturalist,https://www.inaturalist.org/observations/52182688,HUMAN_OBSERVATION,2020,7,6,7/6/2020,WGS84
605,362,Geranium lucidum,-122.183306,47.596188,cdround,USA,PRESENT,404,iNaturalist,https://www.inaturalist.org/observations/52105704,HUMAN_OBSERVATION,2020,7,5,7/5/2020,WGS84
608,365,Geranium lucidum,-122.351036,45.29742,cdround,USA,PRESENT,10,iNaturalist,https://www.inaturalist.org/observations/52875297,HUMAN_OBSERVATION,2020,7,12,7/12/2020,WGS84
609,367,Geranium lucidum,-122.623346,45.364,cdround,USA,PRESENT,101,iNaturalist,https://www.inaturalist.org/observations/53511123,HUMAN_OBSERVATION,2020,7,10,7/10/2020,WGS84
611,370,Geranium lucidum,-122.661317,44.886142,cdround,USA,PRESENT,10,iNaturalist,https://www.inaturalist.org/observations/69442797,HUMAN_OBSERVATION,2020,7,17,7/17/2020,WGS84
614,374,Geranium lucidum,-122.571504,45.537951,cdround,USA,PRESENT,119,iNaturalist,https://www.inaturalist.org/observations/56716645,HUMAN_OBSERVATION,2020,8,16,8/16/2020,WGS84
623,384,Geranium lucidum,-123.311869,44.641283,cdround,USA,PRESENT,10,iNaturalist,https://www.inaturalist.org/observations/68477349,HUMAN_OBSERVATION,2020,9,22,9/22/2020,WGS84
634,401,Geranium lucidum,-122.629137,45.343333,cdround,USA,PRESENT,5,iNaturalist,https://www.inaturalist.org/observations/64066131,HUMAN_OBSERVATION,2020,10,25,10/25/2020,WGS84
635,402,Geranium lucidum,-123.224156,44.9271,cdround,USA,PRESENT,165,iNaturalist,https://www.inaturalist.org/observations/63530952,HUMAN_OBSERVATION,2020,10,24,10/24/2020,WGS84
638,407,Geranium lucidum,-123.26425,44.601001,cdround,USA,PRESENT,25,iNaturalist,https://www.inaturalist.org/observations/62979108,HUMAN_OBSERVATION,2020,10,18,10/18/2020,WGS84
639,409,Geranium lucidum,-123.270155,44.543103,cdround,USA,PRESENT,12,iNaturalist,https://www.inaturalist.org/observations/64504889,HUMAN_OBSERVATION,2020,11,8,11/8/2020,WGS84
643,414,Geranium lucidum,-123.489375,44.324084,cdround,USA,PRESENT,380,iNaturalist,https://www.inaturalist.org/observations/65378398,HUMAN_OBSERVATION,2020,11,20,11/20/2020,WGS84
644,415,Geranium lucidum,-123.236993,44.606053,cdround,USA,PRESENT,158,iNaturalist,https://www.inaturalist.org/observations/64775698,HUMAN_OBSERVATION,2020,11,11,11/11/2020,WGS84
645,417,Geranium lucidum,-122.65483,44.879497,cdround,USA,PRESENT,100,iNaturalist,https://www.inaturalist.org/observations/65493027,HUMAN_OBSERVATION,2020,11,21,11/21/2020,WGS84
646,419,Geranium lucidum,-123.339431,44.542973,cdround,USA,PRESENT,237,iNaturalist,https://www.inaturalist.org/observations/65493434,HUMAN_OBSERVATION,2020,11,22,11/22/2020,WGS84
647,420,Geranium lucidum,-123.258429,44.577297,cdround,USA,PRESENT,279,iNaturalist,https://www.inaturalist.org/observations/64281648,HUMAN_OBSERVATION,2020,11,4,11/4/2020,WGS84
649,424,Geranium lucidum,-122.868072,45.449742,cdround,USA,PRESENT,55,iNaturalist,https://www.inaturalist.org/observations/66075347,HUMAN_OBSERVATION,2020,12,3,12/3/2020,WGS84
650,425,Geranium lucidum,-122.609904,45.55524,cdround,USA,PRESENT,65,iNaturalist,https://www.inaturalist.org/observations/66585917,HUMAN_OBSERVATION,2020,12,14,12/14/2020,WGS84
651,427,Geranium lucidum,-123.372152,44.535262,cdround,USA,PRESENT,250,iNaturalist,https://www.inaturalist.org/observations/66810207,HUMAN_OBSERVATION,2020,12,1,12/1/2020,WGS84
652,428,Geranium lucidum,-122.858677,44.832239,cdround,USA,PRESENT,70,iNaturalist,https://www.inaturalist.org/observations/66753498,HUMAN_OBSERVATION,2020,12,17,12/17/2020,WGS84
653,431,Geranium lucidum,-123.235955,45.248695,cdround,USA,PRESENT,65,iNaturalist,https://www.inaturalist.org/observations/67159949,HUMAN_OBSERVATION,2020,12,27,12/27/2020,WGS84
654,432,Geranium lucidum,-123.223058,44.731279,cdround,USA,PRESENT,169,iNaturalist,https://www.inaturalist.org/observations/66314483,HUMAN_OBSERVATION,2020,12,8,12/8/2020,WGS84
656,435,Geranium lucidum,-122.77762,45.399578,cdround,USA,PRESENT,65,iNaturalist,https://www.inaturalist.org/observations/67374288,HUMAN_OBSERVATION,2020,12,31,12/31/2020,WGS84
659,440,Geranium lucidum,-122.648571,45.437292,cdround,USA,PRESENT,20,iNaturalist,https://www.inaturalist.org/observations/23662951,HUMAN_OBSERVATION,2019,1,1,1/1/2019,WGS84
660,442,Geranium lucidum,-122.975425,44.003156,cdround,USA,PRESENT,10,iNaturalist,https://www.inaturalist.org/observations/20021421,HUMAN_OBSERVATION,2019,2,1,2/1/2019,WGS84
664,448,Geranium lucidum,-123.052063,44.738452,cdround,USA,PRESENT,195,iNaturalist,https://www.inaturalist.org/observations/21362441,HUMAN_OBSERVATION,2019,3,17,3/17/2019,WGS84
665,449,Geranium lucidum,-122.989844,44.910601,cdround,USA,PRESENT,228,iNaturalist,https://www.inaturalist.org/observations/21362761,HUMAN_OBSERVATION,2019,3,17,3/17/2019,WGS84
666,450,Geranium lucidum,-122.650863,45.482838,cdround,USA,PRESENT,32,iNaturalist,https://www.inaturalist.org/observations/21652483,HUMAN_OBSERVATION,2019,3,26,3/26/2019,WGS84
667,451,Geranium lucidum,-122.762597,45.626162,cdround,USA,PRESENT,5,iNaturalist,https://www.inaturalist.org/observations/21713603,HUMAN_OBSERVATION,2019,3,28,3/28/2019,WGS84
670,456,Geranium lucidum,-123.151033,45.021074,cdround,USA,PRESENT,50,iNaturalist,https://www.inaturalist.org/observations/21398479,HUMAN_OBSERVATION,2019,3,19,3/19/2019,WGS84
673,460,Geranium lucidum,-122.602299,45.525901,cdround,USA,PRESENT,10,iNaturalist,https://www.inaturalist.org/observations/21960513,HUMAN_OBSERVATION,2019,4,3,4/3/2019,WGS84
676,463,Geranium lucidum,-122.614233,45.519619,cdround,USA,PRESENT,5,iNaturalist,https://www.inaturalist.org/observations/22234600,HUMAN_OBSERVATION,2019,4,8,4/8/2019,WGS84
677,465,Geranium lucidum,-122.67188,45.501264,cdround,USA,PRESENT,48,iNaturalist,https://www.inaturalist.org/observations/22389883,HUMAN_OBSERVATION,2019,4,12,4/12/2019,WGS84
686,476,Geranium lucidum,-122.608343,45.548194,cdround,USA,PRESENT,10,iNaturalist,https://www.inaturalist.org/observations/22772038,HUMAN_OBSERVATION,2019,4,20,4/20/2019,WGS84
688,479,Geranium lucidum,-123.06467,44.034517,cdround,USA,PRESENT,22,iNaturalist,https://www.inaturalist.org/observations/22929397,HUMAN_OBSERVATION,2019,4,22,4/22/2019,WGS84
690,481,Geranium lucidum,-123.292306,44.637233,cdround,USA,PRESENT,10,iNaturalist,https://www.inaturalist.org/observations/23040088,HUMAN_OBSERVATION,2019,4,24,4/24/2019,WGS84
691,482,Geranium lucidum,-122.588334,45.395905,cdround,USA,PRESENT,24,iNaturalist,https://www.inaturalist.org/observations/23085520,HUMAN_OBSERVATION,2019,4,25,4/25/2019,WGS84
692,485,Geranium lucidum,-123.007992,44.020278,cdround,USA,PRESENT,5,iNaturalist,https://www.inaturalist.org/observations/23668639,HUMAN_OBSERVATION,2019,4,28,4/28/2019,WGS84
693,487,Geranium lucidum,-122.963695,44.021564,cdround,USA,PRESENT,17,iNaturalist,https://www.inaturalist.org/observations/23706078,HUMAN_OBSERVATION,2019,4,28,4/28/2019,WGS84
694,488,Geranium lucidum,-123.063612,44.021594,cdround,USA,PRESENT,13,iNaturalist,https://www.inaturalist.org/observations/24180762,HUMAN_OBSERVATION,2019,4,29,4/29/2019,WGS84
700,497,Geranium lucidum,-121.695267,45.687513,cdround,USA,PRESENT,8,iNaturalist,https://www.inaturalist.org/observations/24771883,HUMAN_OBSERVATION,2019,4,27,4/27/2019,WGS84
701,502,Geranium lucidum,-123.033138,44.928057,cdround,USA,PRESENT,65,iNaturalist,https://www.inaturalist.org/observations/24218853,HUMAN_OBSERVATION,2019,4,30,4/30/2019,WGS84
702,503,Geranium lucidum,-122.956983,44.317665,cdround,USA,PRESENT,233,iNaturalist,https://www.inaturalist.org/observations/26239446,HUMAN_OBSERVATION,2019,4,18,4/18/2019,WGS84
703,504,Geranium lucidum,-123.276686,44.555133,cdround,USA,PRESENT,32,iNaturalist,https://www.inaturalist.org/observations/26359291,HUMAN_OBSERVATION,2019,4,24,4/24/2019,WGS84
704,505,Geranium lucidum,-123.133775,44.669057,cdround,USA,PRESENT,170,iNaturalist,https://www.inaturalist.org/observations/22691944,HUMAN_OBSERVATION,2019,4,18,4/18/2019,WGS84
705,506,Geranium lucidum,-122.341954,47.729776,cdround,USA,PRESENT,24,iNaturalist,https://www.inaturalist.org/observations/22854347,HUMAN_OBSERVATION,2019,4,21,4/21/2019,WGS84
710,515,Geranium lucidum,-122.617601,43.963148,cdround,USA,PRESENT,28,iNaturalist,https://www.inaturalist.org/observations/38365965,HUMAN_OBSERVATION,2019,4,13,4/13/2019,WGS84
711,516,Geranium lucidum,-122.854486,45.569726,cdround,USA,PRESENT,5,iNaturalist,https://www.inaturalist.org/observations/22715710,HUMAN_OBSERVATION,2019,4,19,4/19/2019,WGS84
718,537,Geranium lucidum,-123.010615,44.013063,cdround,USA,PRESENT,4,iNaturalist,https://www.inaturalist.org/observations/23645771,HUMAN_OBSERVATION,2019,4,28,4/28/2019,WGS84
724,543,Geranium lucidum,-123.426311,45.034926,cdround,USA,PRESENT,42,iNaturalist,https://www.inaturalist.org/observations/24554393,HUMAN_OBSERVATION,2019,5,4,5/4/2019,WGS84
726,547,Geranium lucidum,-123.032289,43.989684,cdround,USA,PRESENT,5,iNaturalist,https://www.inaturalist.org/observations/24848676,HUMAN_OBSERVATION,2019,5,9,5/9/2019,WGS84
735,556,Geranium lucidum,-122.66416,45.554537,cdround,USA,PRESENT,5,iNaturalist,https://www.inaturalist.org/observations/24935967,HUMAN_OBSERVATION,2019,5,11,5/11/2019,WGS84
738,560,Geranium lucidum,-123.234154,44.656488,cdround,USA,PRESENT,6,iNaturalist,https://www.inaturalist.org/observations/25407324,HUMAN_OBSERVATION,2019,5,19,5/19/2019,WGS84
739,561,Geranium lucidum,-122.851562,45.643805,cdround,USA,PRESENT,716,iNaturalist,https://www.inaturalist.org/observations/25426384,HUMAN_OBSERVATION,2019,5,19,5/19/2019,WGS84
741,565,Geranium lucidum,-122.821762,44.49288,cdround,USA,PRESENT,10,iNaturalist,https://www.inaturalist.org/observations/25589474,HUMAN_OBSERVATION,2019,5,22,5/22/2019,WGS84
743,567,Geranium lucidum,-123.2413,45.4781,NA,USA,PRESENT,5,iNaturalist,https://www.inaturalist.org/observations/24874871,HUMAN_OBSERVATION,2019,5,9,5/9/2019,WGS84
744,568,Geranium lucidum,-122.850615,44.082608,cdround,USA,PRESENT,20,iNaturalist,https://www.inaturalist.org/observations/25700085,HUMAN_OBSERVATION,2019,5,24,5/24/2019,WGS84
745,569,Geranium lucidum,-122.619095,44.425728,cdround,USA,PRESENT,5,iNaturalist,https://www.inaturalist.org/observations/25821798,HUMAN_OBSERVATION,2019,5,25,5/25/2019,WGS84
746,570,Geranium lucidum,-123.2035,44.689105,NA,USA,PRESENT,8,iNaturalist,https://www.inaturalist.org/observations/25842047,HUMAN_OBSERVATION,2019,5,26,5/26/2019,WGS84
747,571,Geranium lucidum,-123.067801,44.052065,cdround,USA,PRESENT,5,iNaturalist,https://www.inaturalist.org/observations/25952501,HUMAN_OBSERVATION,2019,5,28,5/28/2019,WGS84
749,573,Geranium lucidum,-122.424553,44.548828,cdround,USA,PRESENT,64,iNaturalist,https://www.inaturalist.org/observations/26016911,HUMAN_OBSERVATION,2019,5,18,5/18/2019,WGS84
750,574,Geranium lucidum,-123.280495,44.642533,cdround,USA,PRESENT,5,iNaturalist,https://www.inaturalist.org/observations/26370134,HUMAN_OBSERVATION,2019,5,19,5/19/2019,WGS84
770,603,Geranium lucidum,-122.853722,45.295069,cdround,USA,PRESENT,10,iNaturalist,https://www.inaturalist.org/observations/25826957,HUMAN_OBSERVATION,2019,5,26,5/26/2019,WGS84
778,615,Geranium lucidum,-122.665833,45.457263,cdround,USA,PRESENT,5,iNaturalist,https://www.inaturalist.org/observations/24963845,HUMAN_OBSERVATION,2019,5,5,5/5/2019,WGS84
780,618,Geranium lucidum,-121.564576,46.736872,cdround,USA,PRESENT,183,iNaturalist,https://www.inaturalist.org/observations/75285731,HUMAN_OBSERVATION,2019,5,23,5/23/2019,WGS84
783,624,Geranium lucidum,-122.655813,45.471008,cdround,USA,PRESENT,9,iNaturalist,https://www.inaturalist.org/observations/26458785,HUMAN_OBSERVATION,2019,6,5,6/5/2019,WGS84
786,629,Geranium lucidum,-122.496506,45.489216,cdround,USA,PRESENT,15,iNaturalist,https://www.inaturalist.org/observations/26886009,HUMAN_OBSERVATION,2019,6,1,6/1/2019,WGS84
787,630,Geranium lucidum,-122.671731,45.509109,cdround,USA,PRESENT,357,iNaturalist,https://www.inaturalist.org/observations/26284890,HUMAN_OBSERVATION,2019,6,2,6/2/2019,WGS84
788,631,Geranium lucidum,-122.849989,45.665693,cdround,USA,PRESENT,5,iNaturalist,https://www.inaturalist.org/observations/26363541,HUMAN_OBSERVATION,2019,6,3,6/3/2019,WGS84
789,633,Geranium lucidum,-123.333737,45.157964,cdround,USA,PRESENT,10,iNaturalist,https://www.inaturalist.org/observations/26445715,HUMAN_OBSERVATION,2019,6,4,6/4/2019,WGS84
790,634,Geranium lucidum,-122.684821,45.56551,cdround,USA,PRESENT,30,iNaturalist,https://www.inaturalist.org/observations/26477499,HUMAN_OBSERVATION,2019,6,5,6/5/2019,WGS84
792,637,Geranium lucidum,-122.933079,45.297754,cdround,USA,PRESENT,189,iNaturalist,https://www.inaturalist.org/observations/27089859,HUMAN_OBSERVATION,2019,6,6,6/6/2019,WGS84
803,652,Geranium lucidum,-122.659704,45.549417,cdround,USA,PRESENT,10,iNaturalist,https://www.inaturalist.org/observations/27275472,HUMAN_OBSERVATION,2019,6,15,6/15/2019,WGS84
811,663,Geranium lucidum,-122.67172,45.553798,cdround,USA,PRESENT,5,iNaturalist,https://www.inaturalist.org/observations/27870478,HUMAN_OBSERVATION,2019,6,29,6/29/2019,WGS84
817,670,Geranium lucidum,-123.5631,44.50411,NA,USA,PRESENT,30,iNaturalist,https://www.inaturalist.org/observations/28625592,HUMAN_OBSERVATION,2019,7,7,7/7/2019,WGS84
819,672,Geranium lucidum,-122.640447,45.558558,cdround,USA,PRESENT,10,iNaturalist,https://www.inaturalist.org/observations/29146802,HUMAN_OBSERVATION,2019,7,12,7/12/2019,WGS84
820,673,Geranium lucidum,-123.599752,45.082523,cdround,USA,PRESENT,9,iNaturalist,https://www.inaturalist.org/observations/29068760,HUMAN_OBSERVATION,2019,7,18,7/18/2019,WGS84
821,674,Geranium lucidum,-123.074525,44.891339,cdround,USA,PRESENT,16,iNaturalist,https://www.inaturalist.org/observations/29682516,HUMAN_OBSERVATION,2019,7,27,7/27/2019,WGS84
830,685,Geranium lucidum,-122.068064,45.59022,cdround,USA,PRESENT,67,iNaturalist,https://www.inaturalist.org/observations/38365966,HUMAN_OBSERVATION,2019,9,13,9/13/2019,WGS84
838,698,Geranium lucidum,-122.481274,44.39857,cdround,USA,PRESENT,63,iNaturalist,https://www.inaturalist.org/observations/34233718,HUMAN_OBSERVATION,2019,10,11,10/11/2019,WGS84
839,699,Geranium lucidum,-122.679632,45.559756,cdround,USA,PRESENT,20,iNaturalist,https://www.inaturalist.org/observations/35711368,HUMAN_OBSERVATION,2019,11,15,11/15/2019,WGS84
841,702,Geranium lucidum,-123.041431,44.916273,cdround,USA,PRESENT,5,iNaturalist,https://www.inaturalist.org/observations/36194040,HUMAN_OBSERVATION,2019,11,29,11/29/2019,WGS84
842,703,Geranium lucidum,-123.08451,44.029724,cdround,USA,PRESENT,411,iNaturalist,https://www.inaturalist.org/observations/36005606,HUMAN_OBSERVATION,2019,11,23,11/23/2019,WGS84
843,704,Geranium lucidum,-122.752393,44.806243,cdround,USA,PRESENT,238,iNaturalist,https://www.inaturalist.org/observations/35955372,HUMAN_OBSERVATION,2019,11,22,11/22/2019,WGS84
846,711,Geranium lucidum,-123.031944,44.93607,cdround,USA,PRESENT,25,iNaturalist,https://www.inaturalist.org/observations/36357008,HUMAN_OBSERVATION,2019,12,4,12/4/2019,WGS84
847,713,Geranium lucidum,-122.71774,45.510614,cdround,USA,PRESENT,15,iNaturalist,https://www.inaturalist.org/observations/36413356,HUMAN_OBSERVATION,2019,12,6,12/6/2019,WGS84
848,715,Geranium lucidum,-122.499455,45.632138,cdround,USA,PRESENT,19,iNaturalist,https://www.inaturalist.org/observations/36706198,HUMAN_OBSERVATION,2019,12,16,12/16/2019,WGS84
850,717,Geranium lucidum,-122.84372,45.659738,cdround,USA,PRESENT,2,iNaturalist,https://www.inaturalist.org/observations/37000813,HUMAN_OBSERVATION,2019,12,26,12/26/2019,WGS84
851,718,Geranium lucidum,-122.939497,46.089418,cdround,USA,PRESENT,15,iNaturalist,https://www.inaturalist.org/observations/37020433,HUMAN_OBSERVATION,2019,12,27,12/27/2019,WGS84
853,722,Geranium lucidum,-123.028472,44.934886,cdround,USA,PRESENT,5,iNaturalist,https://www.inaturalist.org/observations/36385945,HUMAN_OBSERVATION,2019,12,5,12/5/2019,WGS84
857,727,Geranium lucidum,-122.615933,45.359589,cdround,USA,PRESENT,5,iNaturalist,https://www.inaturalist.org/observations/9474509,HUMAN_OBSERVATION,2018,1,14,1/14/2018,WGS84
860,730,Geranium lucidum,-122.623965,45.46311,cdround,USA,PRESENT,19,iNaturalist,https://www.inaturalist.org/observations/10068698,HUMAN_OBSERVATION,2018,3,3,3/3/2018,WGS84
861,731,Geranium lucidum,-122.637884,45.522088,cdround,USA,PRESENT,20,iNaturalist,https://www.inaturalist.org/observations/10167642,HUMAN_OBSERVATION,2018,3,10,3/10/2018,WGS84
862,732,Geranium lucidum,-122.55005,45.478083,cdround,USA,PRESENT,5,iNaturalist,https://www.inaturalist.org/observations/10467263,HUMAN_OBSERVATION,2018,3,24,3/24/2018,WGS84
863,733,Geranium lucidum,-122.551492,45.420362,cdround,USA,PRESENT,5,iNaturalist,https://www.inaturalist.org/observations/10532042,HUMAN_OBSERVATION,2018,3,31,3/31/2018,WGS84
868,740,Geranium lucidum,-123.14616,45.022825,NA,USA,PRESENT,46,iNaturalist,https://www.inaturalist.org/observations/10689678,HUMAN_OBSERVATION,2018,4,3,4/3/2018,WGS84
869,741,Geranium lucidum,-122.792683,44.620857,cdround,USA,PRESENT,32,iNaturalist,https://www.inaturalist.org/observations/10912136,HUMAN_OBSERVATION,2018,4,14,4/14/2018,WGS84
873,749,Geranium lucidum,-122.631694,45.342095,cdround,USA,PRESENT,5,iNaturalist,https://www.inaturalist.org/observations/11429787,HUMAN_OBSERVATION,2018,4,25,4/25/2018,WGS84
875,751,Geranium lucidum,-122.667687,45.516408,cdround,USA,PRESENT,20,iNaturalist,https://www.inaturalist.org/observations/11925911,HUMAN_OBSERVATION,2018,4,30,4/30/2018,WGS84
879,762,Geranium lucidum,-123.355911,43.207431,cdround,USA,PRESENT,5,iNaturalist,https://www.inaturalist.org/observations/52890977,HUMAN_OBSERVATION,2018,4,19,4/19/2018,WGS84
889,780,Geranium lucidum,-123.370571,44.059604,cdround,USA,PRESENT,10,iNaturalist,https://www.inaturalist.org/observations/12198670,HUMAN_OBSERVATION,2018,5,6,5/6/2018,WGS84
890,781,Geranium lucidum,-123.094439,44.058287,cdround,USA,PRESENT,4,iNaturalist,https://www.inaturalist.org/observations/12626790,HUMAN_OBSERVATION,2018,5,19,5/19/2018,WGS84
891,782,Geranium lucidum,-122.687851,45.507005,cdround,USA,PRESENT,10,iNaturalist,https://www.inaturalist.org/observations/12717271,HUMAN_OBSERVATION,2018,5,22,5/22/2018,WGS84
893,787,Geranium lucidum,-123.254135,44.969207,cdround,USA,PRESENT,571,iNaturalist,https://www.inaturalist.org/observations/12899913,HUMAN_OBSERVATION,2018,5,26,5/26/2018,WGS84
896,792,Geranium lucidum,-122.655249,44.877044,cdround,USA,PRESENT,183,iNaturalist,https://www.inaturalist.org/observations/13092371,HUMAN_OBSERVATION,2018,5,27,5/27/2018,WGS84
899,796,Geranium lucidum,-122.821544,45.460367,cdround,USA,PRESENT,5,iNaturalist,https://www.inaturalist.org/observations/12907031,HUMAN_OBSERVATION,2018,5,28,5/28/2018,WGS84
905,803,Geranium lucidum,-124.434955,42.688902,cdround,USA,PRESENT,410,iNaturalist,https://www.inaturalist.org/observations/38365963,HUMAN_OBSERVATION,2018,5,24,5/24/2018,WGS84
908,806,Geranium lucidum,-122.905641,44.764004,cdround,USA,PRESENT,61,iNaturalist,https://www.inaturalist.org/observations/12654269,HUMAN_OBSERVATION,2018,5,20,5/20/2018,WGS84
918,820,Geranium lucidum,-123.929983,46.152598,cdround,USA,PRESENT,1,iNaturalist,https://www.inaturalist.org/observations/14308871,HUMAN_OBSERVATION,2018,7,12,7/12/2018,WGS84
923,825,Geranium lucidum,-122.581315,45.548431,cdround,USA,PRESENT,8,iNaturalist,https://www.inaturalist.org/observations/16752814,HUMAN_OBSERVATION,2018,9,21,9/21/2018,WGS84
929,835,Geranium lucidum,-122.642882,45.441144,cdround,USA,PRESENT,20,iNaturalist,https://www.inaturalist.org/observations/18048953,HUMAN_OBSERVATION,2018,11,2,11/2/2018,WGS84
931,839,Geranium lucidum,-123.082002,44.051895,cdround,USA,PRESENT,12,iNaturalist,https://www.inaturalist.org/observations/19292152,HUMAN_OBSERVATION,2018,12,29,12/29/2018,WGS84
933,842,Geranium lucidum,-123.10905,44.116538,cdround,USA,PRESENT,9,iNaturalist,https://www.inaturalist.org/observations/19256561,HUMAN_OBSERVATION,2018,12,27,12/27/2018,WGS84
937,846,Geranium lucidum,-122.98264,43.99554,cdround,USA,PRESENT,164,iNaturalist,https://www.inaturalist.org/observations/35421229,HUMAN_OBSERVATION,2017,2,13,2/13/2017,WGS84
944,855,Geranium lucidum,-122.887147,43.983587,cdround,USA,PRESENT,170,iNaturalist,https://www.inaturalist.org/observations/38365967,HUMAN_OBSERVATION,2017,3,10,3/10/2017,WGS84
945,856,Geranium lucidum,-122.614235,45.351768,cdround,USA,PRESENT,31,iNaturalist,https://www.inaturalist.org/observations/5683304,HUMAN_OBSERVATION,2017,4,12,4/12/2017,WGS84
947,860,Geranium lucidum,-122.525594,45.491298,cdround,USA,PRESENT,2,iNaturalist,https://www.inaturalist.org/observations/5845119,HUMAN_OBSERVATION,2017,4,18,4/18/2017,WGS84
949,862,Geranium lucidum,-122.376755,45.551279,cdround,USA,PRESENT,5,iNaturalist,https://www.inaturalist.org/observations/5910883,HUMAN_OBSERVATION,2017,4,22,4/22/2017,WGS84
954,867,Geranium lucidum,-123.20491,44.703405,NA,USA,PRESENT,1000,iNaturalist,https://www.inaturalist.org/observations/19050583,HUMAN_OBSERVATION,2017,4,2,4/2/2017,WGS84
961,876,Geranium lucidum,-123.260369,44.964139,cdround,USA,PRESENT,5,iNaturalist,https://www.inaturalist.org/observations/6288874,HUMAN_OBSERVATION,2017,5,20,5/20/2017,WGS84
962,878,Geranium lucidum,-123.335035,44.642453,cdround,USA,PRESENT,895,iNaturalist,https://www.inaturalist.org/observations/6365784,HUMAN_OBSERVATION,2017,5,11,5/11/2017,WGS84
963,879,Geranium lucidum,-123.07485,44.051169,cdround,USA,PRESENT,7,iNaturalist,https://www.inaturalist.org/observations/6403583,HUMAN_OBSERVATION,2017,5,28,5/28/2017,WGS84
964,880,Geranium lucidum,-123.314871,44.410003,cdround,USA,PRESENT,6,iNaturalist,https://www.inaturalist.org/observations/6130056,HUMAN_OBSERVATION,2017,5,7,5/7/2017,WGS84
965,881,Geranium lucidum,-122.544379,45.471177,cdround,USA,PRESENT,298,iNaturalist,https://www.inaturalist.org/observations/6558105,HUMAN_OBSERVATION,2017,5,27,5/27/2017,WGS84
977,900,Geranium lucidum,-123.318054,44.565547,cdround,USA,PRESENT,3,iNaturalist,https://www.inaturalist.org/observations/6114914,HUMAN_OBSERVATION,2017,5,6,5/6/2017,WGS84
979,902,Geranium lucidum,-123.389825,44.605477,cdround,USA,PRESENT,5,iNaturalist,https://www.inaturalist.org/observations/6107999,HUMAN_OBSERVATION,2017,5,5,5/5/2017,WGS84
990,941,Geranium lucidum,-122.758484,45.477105,cdround,USA,PRESENT,31,iNaturalist,https://www.inaturalist.org/observations/6249221,HUMAN_OBSERVATION,2017,5,15,5/15/2017,WGS84
996,951,Geranium lucidum,-123.258445,44.966678,cdround,USA,PRESENT,10,iNaturalist,https://www.inaturalist.org/observations/6497813,HUMAN_OBSERVATION,2017,6,4,6/4/2017,WGS84
997,952,Geranium lucidum,-123.326422,44.576268,cdround,USA,PRESENT,5,iNaturalist,https://www.inaturalist.org/observations/6530026,HUMAN_OBSERVATION,2017,6,6,6/6/2017,WGS84
1038,1007,Geranium lucidum,-122.661727,45.469089,cdround,USA,PRESENT,5,iNaturalist,https://www.inaturalist.org/observations/2714434,HUMAN_OBSERVATION,2016,2,24,2/24/2016,WGS84
1064,1043,Geranium lucidum,-123.266822,44.589642,cdround,USA,PRESENT,9,iNaturalist,https://www.inaturalist.org/observations/19050500,HUMAN_OBSERVATION,2016,5,30,5/30/2016,WGS84
1090,1096,Geranium lucidum,-123.059578,44.994062,cdround,USA,PRESENT,419,iNaturalist,https://www.inaturalist.org/observations/38365964,HUMAN_OBSERVATION,2016,6,6,6/6/2016,WGS84
1138,1164,Geranium lucidum,-122.683538,45.548882,NA,USA,PRESENT,3,iNaturalist,https://www.inaturalist.org/observations/1527387,HUMAN_OBSERVATION,2015,5,20,5/20/2015,WGS84
1227,1298,Geranium lucidum,-123.341713,44.405972,cdround,USA,PRESENT,15,iNaturalist,https://www.inaturalist.org/observations/70707637,HUMAN_OBSERVATION,2014,3,13,3/13/2014,WGS84
1309,1398,Geranium lucidum,-123.444254,45.052857,cdround,USA,PRESENT,209,iNaturalist,https://www.inaturalist.org/observations/38365961,HUMAN_OBSERVATION,2014,5,1,5/1/2014,WGS84
1630,1846,Geranium lucidum,-123.260653,44.010998,cdround,USA,PRESENT,204,iNaturalist,https://www.inaturalist.org/observations/38365960,HUMAN_OBSERVATION,2012,4,24,4/24/2012,WGS84
1798,2104,Geranium lucidum,-122.975771,44.023695,cdround,USA,PRESENT,91,iNaturalist,https://www.inaturalist.org/observations/38365959,HUMAN_OBSERVATION,2011,4,22,4/22/2011,WGS84
2023,2449,Geranium lucidum,-122.96932,44.011562,cdround,USA,PRESENT,174,iNaturalist,https://www.inaturalist.org/observations/37794943,HUMAN_OBSERVATION,2010,5,30,5/30/2010,WGS84
2063,2509,Geranium lucidum,-123.306552,45.164959,cdround,USA,PRESENT,62,iNaturalist,https://www.inaturalist.org/observations/38365958,HUMAN_OBSERVATION,2010,6,22,6/22/2010,WGS84
2151,2640,Geranium lucidum,-123.290099,44.14644,cdround,USA,PRESENT,279,iNaturalist,https://www.inaturalist.org/observations/38365021,HUMAN_OBSERVATION,2009,3,31,3/31/2009,WGS84
2398,3018,Geranium lucidum,-122.480757,48.487873,cdround,USA,PRESENT,2,iNaturalist,https://www.inaturalist.org/observations/78547103,HUMAN_OBSERVATION,2008,6,4,6/4/2008,WGS84
2628,3351,Geranium lucidum,-122.959087,43.995507,cdround,USA,PRESENT,120,iNaturalist,https://www.inaturalist.org/observations/36623367,HUMAN_OBSERVATION,2006,4,7,4/7/2006,WGS84
3019,3935,Geranium lucidum,-124.0655,42.7772,"gass84,colmafu,inmafu",USA,PRESENT,804.67,OSC,NA,PRESERVED_SPECIMEN,2002,6,8,6/8/2002,WGS84
3176,4158,Geranium lucidum,-123.30235,44.58495,cdrep,USA,PRESENT,805,CHSC,https://cch2.org/portal/collections/individual/index.php?occid=2084370,PRESERVED_SPECIMEN,1999,5,16,5/16/1999,WGS84
3368,4416,Geranium lucidum,-123.2248,44.7887,"gass84,colmafu,inmafu",USA,PRESENT,804.67,OSC,NA,PRESERVED_SPECIMEN,1996,4,25,4/25/1996,WGS84
3673,4849,Geranium lucidum,-122.9563,44.0184,"gass84,incomis,inmafu",USA,PRESENT,804.67,OSC,NA,PRESERVED_SPECIMEN,1990,5,18,5/18/1990,WGS84
4014,5338,Geranium lucidum,-123.2177,45.2922,"gass84,colmafu,inmafu",USA,PRESENT,804.67,OSC,NA,PRESERVED_SPECIMEN,1985,5,23,5/23/1985,WGS84
4322,5815,Geranium lucidum,-123.269,45.2087,"gass84,colmafu,inmafu",USA,PRESENT,804.67,OSC,NA,PRESERVED_SPECIMEN,1982,7,7,7/7/1982,WGS84
368,62,Geranium lucidum,-95.404089,29.715592,cdround,USA,PRESENT,65,iNaturalist,https://www.inaturalist.org/observations/39455499,HUMAN_OBSERVATION,2020,3,2,3/2/2020,WGS84
712,525,Geranium lucidum,-97.526073,32.615357,cdround,USA,PRESENT,5,iNaturalist,https://www.inaturalist.org/observations/22296158,HUMAN_OBSERVATION,2019,4,10,4/10/2019,WGS84
4,7818164,Geranium lucidum,-124.1646822,40.7604254,NA,NA,PRESENT,NA,EDDMaps,NA,NA,2019,6,1,6/1/2019,NA
5,7817165,Geranium lucidum,-124.098865,40.7841944,NA,NA,PRESENT,NA,EDDMaps,NA,NA,2016,7,1,7/1/2016,NA
6,7818166,Geranium lucidum,-124.1029204,41.6068498,NA,NA,PRESENT,NA,EDDMaps,NA,NA,2018,5,21,5/21/2018,NA
7,7817167,Geranium lucidum,-124.0915359,41.2544748,NA,NA,PRESENT,NA,EDDMaps,NA,NA,2013,5,28,5/28/2013,NA
8,7818168,Geranium lucidum,-124.0885721,41.2512873,NA,NA,PRESENT,NA,EDDMaps,NA,NA,2013,5,28,5/28/2013,NA
10,7818170,Geranium lucidum,-124.0427922,41.4719645,NA,NA,PRESENT,NA,EDDMaps,NA,NA,2015,2,15,2/15/2015,NA
318,8871391,Geranium lucidum,-124.09,41.2528,NA,NA,PRESENT,NA,EDDMaps,NA,NA,2005,5,14,5/14/2005,WGS84
321,9013955,Geranium lucidum,-124.055,41.5539,NA,NA,PRESENT,NA,EDDMaps,NA,NA,2017,8,16,8/16/2017,WGS84
324,9015273,Geranium lucidum,-124.029,41.515,NA,NA,PRESENT,NA,EDDMaps,NA,NA,2017,9,22,9/22/2017,WGS84
325,9287798,Geranium lucidum,-124.031,41.5169,NA,NA,PRESENT,NA,EDDMaps,NA,NA,2011,5,23,5/23/2011,WGS84
343,25,Geranium lucidum,-122.296645,37.872581,cdround,USA,PRESENT,10,iNaturalist,https://www.inaturalist.org/observations/38441631,HUMAN_OBSERVATION,2020,2,8,2/8/2020,WGS84
455,174,Geranium lucidum,-124.095763,40.87529,cdround,USA,PRESENT,10,iNaturalist,https://www.inaturalist.org/observations/42813274,HUMAN_OBSERVATION,2020,4,21,4/21/2020,WGS84
459,178,Geranium lucidum,-111.789055,40.610908,cdround,USA,PRESENT,65,iNaturalist,https://www.inaturalist.org/observations/43149591,HUMAN_OBSERVATION,2020,4,24,4/24/2020,WGS84
663,447,Geranium lucidum,-118.401335,33.998452,cdround,USA,PRESENT,9,iNaturalist,https://www.inaturalist.org/observations/20842508,HUMAN_OBSERVATION,2019,2,28,2/28/2019,WGS84
810,662,Geranium lucidum,-118.164578,34.146757,cdround,USA,PRESENT,11,iNaturalist,https://www.inaturalist.org/observations/27571591,HUMAN_OBSERVATION,2019,6,24,6/24/2019,WGS84
864,734,Geranium lucidum,-122.080984,37.288115,cdround,USA,PRESENT,5,iNaturalist,https://www.inaturalist.org/observations/10277112,HUMAN_OBSERVATION,2018,3,17,3/17/2018,WGS84
1483,1626,Geranium lucidum,-122.243843,37.872655,NA,USA,PRESENT,209,iNaturalist,https://www.inaturalist.org/observations/272780,HUMAN_OBSERVATION,2013,4,1,4/1/2013,WGS84
3009,3920,Geranium lucidum,-122.2377551,37.87501051,"cdrep,colmano,inmafu",USA,PRESENT,174,DAV,https://cch2.org/portal/collections/individual/index.php?occid=1302181,PRESERVED_SPECIMEN,2002,5,9,5/9/2002,WGS84
,,,-123.595297,48.940212,,,,,IAPP,,,,,,,
,,,-123.535437,48.915435,,,,,IAPP,,,,,,,
,,,-123.562269,48.875386,,,,,IAPP,,,,,,,
,,,-123.463614,48.642627,,,,,IAPP,,,,,,,
,,,-124.898396,49.679921,,,,,IAPP,,,,,,,
,,,-123.511515,48.509773,,,,,IAPP,,,,,,,
,,,-123.439192,48.520568,,,,,IAPP,,,,,,,
,,,-123.368711,48.516858,,,,,IAPP,,,,,,,
,,,-123.374614,48.530467,,,,,IAPP,,,,,,,
,,,-123.379012,48.512079,,,,,IAPP,,,,,,,
,,,-123.360119,48.4872,,,,,IAPP,,,,,,,
,,,-123.362013,48.471432,,,,,IAPP,,,,,,,
,,,-123.282587,48.452629,,,,,IAPP,,,,,,,
,,,-123.348336,48.439625,,,,,IAPP,,,,,,,
,,,-123.37479,48.41471,,,,,IAPP,,,,,,,
,,,-123.318483,48.411156,,,,,IAPP,,,,,,,
,,,-123.397812,48.446942,,,,,IAPP,,,,,,,
,,,-123.538111,48.432029,,,,,IAPP,,,,,,,
,,,-123.78467,48.378245,,,,,IAPP,,,,,,,
,,,-123.872129,48.380763,,,,,IAPP,,,,,,,
