field_1,field_1_1,species,decimallon,decimallat,issues,countryCod,individual,occurrence,coordinate,institutio,gbifID,references,basisOfRec,year,month,day,eventDate,geodeticDa
"3","3992447",Hieracium pilosella,-132.953660000000013,55.870980000000003,NA,NA,NA,NA,NA,NA,NA,NA,NA,"2006","8","18",08-18-06,WGS84
"6","8315524",Hieracium pilosella,-90.698639999999997,47.659280000000003,NA,NA,NA,NA,NA,NA,NA,NA,NA,"2019","7","31",07-31-19,WGS84
"7","8315531",Hieracium pilosella,-90.595389999999995,47.680680000000002,NA,NA,NA,NA,NA,NA,NA,NA,NA,"2008","1","19",2008-01-19,WGS84
"8","8453283",Hieracium pilosella,-123.372000000000000,45.179200000000002,NA,NA,NA,NA,NA,NA,NA,NA,NA,"2018","5","31",05-31-18,WGS84
"35","40",Pilosella officinarum,-71.076891000000003,42.056342999999998,cdround,USA,NA,PRESENT,"10",iNaturalist,"2576296314",https://www.inaturalist.org/observations/39181210,HUMAN_OBSERVATION,"2020","2","24",48:42.0,WGS84
"61","73",Pilosella officinarum,-71.147857999999999,42.160167000000001,cdround,USA,NA,PRESENT,"65",iNaturalist,"2597779963",https://www.inaturalist.org/observations/41718511,HUMAN_OBSERVATION,"2020","4","6",29:28.0,WGS84
"166","204",Pilosella officinarum,-72.181676999999993,41.750745000000002,cdround,USA,NA,PRESENT,"61",iNaturalist,"2626098274",https://www.inaturalist.org/observations/46193827,HUMAN_OBSERVATION,"2020","5","16",05:00.0,WGS84
"168","206",Pilosella officinarum,-69.716828000000007,44.760686999999997,cdround,USA,NA,PRESENT,"5",iNaturalist,"2626163365",https://www.inaturalist.org/observations/46606790,HUMAN_OBSERVATION,"2020","5","20",08:16.0,WGS84
"195","233",Pilosella officinarum,-52.708817000000003,47.653216999999998,cdround,CAN,NA,PRESENT,"65",iNaturalist,"2626419380",https://www.inaturalist.org/observations/45980971,HUMAN_OBSERVATION,"2020","5","15",07:49.0,WGS84
"272","326",Pilosella officinarum,-76.115958000000006,45.058072000000003,cdround,CAN,NA,PRESENT,"4",iNaturalist,"2634243689",https://www.inaturalist.org/observations/45652981,HUMAN_OBSERVATION,"2020","5","11",00:00.0,WGS84
"274","328",Pilosella officinarum,-70.072475999999995,42.030791999999998,cdround,USA,NA,PRESENT,"20",iNaturalist,"2634248058",https://www.inaturalist.org/observations/46964316,HUMAN_OBSERVATION,"2020","5","23",00:00.0,WGS84
"308","365",Pilosella officinarum,-71.089141999999995,42.304352999999999,cdround,USA,NA,PRESENT,"24",iNaturalist,"2634484857",https://www.inaturalist.org/observations/47520320,HUMAN_OBSERVATION,"2020","5","27",38:16.0,WGS84
"383","455",Pilosella officinarum,-80.275762000000000,43.580109000000000,cdround,CAN,NA,PRESENT,"6",iNaturalist,"2999146396",https://www.inaturalist.org/observations/47868520,HUMAN_OBSERVATION,"2020","5","30",26:05.0,WGS84
"452","538",Pilosella officinarum,-71.631337000000002,41.702860999999999,cdround,USA,NA,PRESENT,"122",iNaturalist,"2641592482",https://www.inaturalist.org/observations/49054640,HUMAN_OBSERVATION,"2020","6","8",13:00.0,WGS84
"458","545",Pilosella officinarum,-76.836647999999997,44.385980000000004,cdround,CAN,NA,PRESENT,"6",iNaturalist,"2802538872",https://www.inaturalist.org/observations/49337783,HUMAN_OBSERVATION,"2020","6","12",50:40.0,WGS84
"462","549",Pilosella officinarum,-76.580060000000003,44.506163999999998,cdround,CAN,NA,PRESENT,"9",iNaturalist,"2802560855",https://www.inaturalist.org/observations/49163264,HUMAN_OBSERVATION,"2020","6","5",32:04.0,WGS84
"465","552",Pilosella officinarum,-65.689132999999998,47.630378000000000,cdround,CAN,NA,PRESENT,"10",iNaturalist,"2802582094",https://www.inaturalist.org/observations/49859679,HUMAN_OBSERVATION,"2020","6","16",01:11.0,WGS84
"467","554",Pilosella officinarum,-65.449471000000003,47.018729999999998,cdround,CAN,NA,PRESENT,"17",iNaturalist,"2802594850",https://www.inaturalist.org/observations/49232745,HUMAN_OBSERVATION,"2020","6","11",25:05.0,WGS84
"488","579",Pilosella officinarum,-80.172207000000000,44.165981000000002,cdround,CAN,NA,PRESENT,"7",iNaturalist,"2802772695",https://www.inaturalist.org/observations/50595171,HUMAN_OBSERVATION,"2020","6","22",55:43.0,WGS84
"498","590",Pilosella officinarum,-76.222075000000004,45.203797999999999,cdround,CAN,NA,PRESENT,"9",iNaturalist,"2802830809",https://www.inaturalist.org/observations/49156882,HUMAN_OBSERVATION,"2020","6","10",16:00.0,WGS84
"519","617",Pilosella officinarum,-78.704500999999993,45.078223999999999,cdround,CAN,NA,PRESENT,"15",iNaturalist,"2803053007",https://www.inaturalist.org/observations/50659953,HUMAN_OBSERVATION,"2020","6","7",57:00.0,WGS84
"589","725",Pilosella officinarum,-66.953462000000002,46.013238999999999,NA,CAN,NA,PRESENT,"5",iNaturalist,"2814049340",https://www.inaturalist.org/observations/51174372,HUMAN_OBSERVATION,"2020","6","27",25:00.0,WGS84
"604","745",Pilosella officinarum,-75.206238999999997,45.164794999999998,cdround,CAN,NA,PRESENT,"3",iNaturalist,"2814302445",https://www.inaturalist.org/observations/51308944,HUMAN_OBSERVATION,"2020","6","28",50:27.0,WGS84
"611","753",Pilosella officinarum,-64.364110999999994,45.901490000000003,cdround,CAN,NA,PRESENT,"32",iNaturalist,"2814430486",https://www.inaturalist.org/observations/51246016,HUMAN_OBSERVATION,"2020","6","28",48:40.0,WGS84
"684","839",Pilosella officinarum,-78.369913999999994,44.374358999999998,cdround,CAN,NA,PRESENT,"8",iNaturalist,"2850984571",https://www.inaturalist.org/observations/49352535,HUMAN_OBSERVATION,"2020","6","11",01:48.0,WGS84
"686","842",Pilosella officinarum,-64.373303000000007,45.894519000000003,cdround,CAN,NA,PRESENT,"5",iNaturalist,"2856503409",https://www.inaturalist.org/observations/50205176,HUMAN_OBSERVATION,"2020","6","17",30:24.0,WGS84
"745","919",Pilosella officinarum,-77.191291000000007,45.535952999999999,cdround,CAN,NA,PRESENT,"65",iNaturalist,"3031959749",https://www.inaturalist.org/observations/48913108,HUMAN_OBSERVATION,"2020","6","8",46:19.0,WGS84
"746","920",Pilosella officinarum,-71.919674000000001,45.374070000000003,cdround,CAN,NA,PRESENT,"8",iNaturalist,"3032070497",https://www.inaturalist.org/observations/68432601,HUMAN_OBSERVATION,"2020","6","13",55:00.0,WGS84
"750","924",Pilosella officinarum,-66.764957999999993,45.999878000000002,cdround,CAN,NA,PRESENT,"1",iNaturalist,"3044569957",https://www.inaturalist.org/observations/69503478,HUMAN_OBSERVATION,"2020","6","17",07:00.0,WGS84
"753","931",Pilosella officinarum,-63.034976000000000,46.375450999999998,cdround,CAN,NA,PRESENT,"5",iNaturalist,"3070304948",https://www.inaturalist.org/observations/50433192,HUMAN_OBSERVATION,"2020","6","18",31:48.0,WGS84
"955","1176",Pilosella officinarum,-81.500595000000004,44.403545000000001,NA,CAN,NA,PRESENT,"5",iNaturalist,"2999078430",https://www.inaturalist.org/observations/51816166,HUMAN_OBSERVATION,"2020","7","3",16:24.0,WGS84
"979","1205",Pilosella officinarum,-63.190449999999998,46.296964000000003,cdround,CAN,NA,PRESENT,"21",iNaturalist,"3039188606",https://www.inaturalist.org/observations/54331575,HUMAN_OBSERVATION,"2020","7","25",55:29.0,WGS84
"1007","1241",Pilosella officinarum,-76.140163000000001,45.250810000000001,cdround,CAN,NA,PRESENT,"498",iNaturalist,"3307390357",https://www.inaturalist.org/observations/51818300,HUMAN_OBSERVATION,"2020","7","3",41:00.0,WGS84
"1063","1316",Pilosella officinarum,-63.543478999999998,44.663120999999997,cdround,CAN,NA,PRESENT,"50",iNaturalist,"2850730515",https://www.inaturalist.org/observations/55587297,HUMAN_OBSERVATION,"2020","8","3",32:00.0,WGS84
"1067","1321",Pilosella officinarum,-71.673878999999999,43.268093999999998,cdround,USA,NA,PRESENT,"5",iNaturalist,"2850824732",https://www.inaturalist.org/observations/56416598,HUMAN_OBSERVATION,"2020","8","14",13:03.0,WGS84
"1122","1389",Pilosella officinarum,-66.692560999999998,45.903238999999999,cdround,CAN,NA,PRESENT,"133",iNaturalist,"2864802512",https://www.inaturalist.org/observations/55601399,HUMAN_OBSERVATION,"2020","8","6",57:46.0,WGS84
"1151","1433",Pilosella officinarum,-81.325637999999998,45.197228000000003,cdround,CAN,NA,PRESENT,"32",iNaturalist,"2999150486",https://www.inaturalist.org/observations/58228152,HUMAN_OBSERVATION,"2020","8","30",45:57.0,WGS84
"1238","1534",Pilosella officinarum,-70.918316000000004,43.130946000000002,cdround,USA,NA,PRESENT,"65",iNaturalist,"2868266583",https://www.inaturalist.org/observations/59996990,HUMAN_OBSERVATION,"2020","9","18",05:38.0,WGS84
"1304","1622",Pilosella officinarum,-115.160380000000004,51.058259999999997,cdround,CAN,NA,PRESENT,"6",iNaturalist,"2901603554",https://www.inaturalist.org/observations/61579151,HUMAN_OBSERVATION,"2020","10","3",43:26.0,WGS84
"1338","1663",Pilosella officinarum,-71.065864000000005,48.414678000000002,cdround,CAN,NA,PRESENT,"13",iNaturalist,"3008559498",https://www.inaturalist.org/observations/62924842,HUMAN_OBSERVATION,"2020","10","18",22:31.0,WGS84
"1342","1667",Pilosella officinarum,-70.868825000000001,42.221364000000001,cdround,USA,NA,PRESENT,"65",iNaturalist,"3302187456",https://www.inaturalist.org/observations/61431736,HUMAN_OBSERVATION,"2020","10","1",21:03.0,WGS84
"1377","1711",Pilosella officinarum,-78.895778000000007,42.726593999999999,cdround,USA,NA,PRESENT,"5",iNaturalist,"2999133645",https://www.inaturalist.org/observations/66091180,HUMAN_OBSERVATION,"2020","12","4",50:35.0,WGS84
"1438","1785",Pilosella officinarum,-71.343736000000007,42.522306000000000,cdround,USA,NA,PRESENT,"8",iNaturalist,"2238866331",https://www.inaturalist.org/observations/23469876,HUMAN_OBSERVATION,"2019","4","27",56:14.0,WGS84
"1441","1790",Pilosella officinarum,-63.674562999999999,44.649436000000001,cdround,CAN,NA,PRESENT,"10",iNaturalist,"2238927026",https://www.inaturalist.org/observations/23801497,HUMAN_OBSERVATION,"2019","4","28",52:00.0,WGS84
"1563","1931",Pilosella officinarum,-81.267753999999996,45.085470999999998,cdround,CAN,NA,PRESENT,"61",iNaturalist,"2251861739",https://www.inaturalist.org/observations/25657824,HUMAN_OBSERVATION,"2019","5","22",15:00.0,WGS84
"1721","2123",Pilosella officinarum,-77.271298000000002,43.902527999999997,cdround,CAN,NA,PRESENT,"200",iNaturalist,"2269283778",https://www.inaturalist.org/observations/27171202,HUMAN_OBSERVATION,"2019","6","16",29:07.0,WGS84
"1776","2184",Pilosella officinarum,-68.769355000000004,44.804592000000000,cdround,USA,NA,PRESENT,"6",iNaturalist,"2273227424",https://www.inaturalist.org/observations/27376311,HUMAN_OBSERVATION,"2019","6","20",46:30.0,WGS84
"1779","2187",Pilosella officinarum,-79.765263000000004,44.445092000000002,cdround,CAN,NA,PRESENT,"5",iNaturalist,"2273301097",https://www.inaturalist.org/observations/27665981,HUMAN_OBSERVATION,"2019","6","22",15:04.0,WGS84
"1843","2264",Pilosella officinarum,-79.829291999999995,45.252425000000002,cdround,CAN,NA,PRESENT,"22",iNaturalist,"2283061667",https://www.inaturalist.org/observations/27847085,HUMAN_OBSERVATION,"2019","6","28",42:43.0,WGS84
"1868","2291",Pilosella officinarum,-80.798002999999994,46.619287000000000,cdround,CAN,NA,PRESENT,"4",iNaturalist,"2350312856",https://www.inaturalist.org/observations/27685737,HUMAN_OBSERVATION,"2019","6","25",42:04.0,WGS84
"1876","2302",Pilosella officinarum,-72.581428000000002,41.825252999999996,cdround,USA,NA,PRESENT,"10",iNaturalist,"2422848400",https://www.inaturalist.org/observations/26806857,HUMAN_OBSERVATION,"2019","6","11",07:40.0,WGS84
"1878","2304",Pilosella officinarum,-70.143682999999996,43.978262999999998,cdround,USA,NA,PRESENT,"5",iNaturalist,"2422850509",https://www.inaturalist.org/observations/27281997,HUMAN_OBSERVATION,"2019","6","18",56:20.0,WGS84
"1879","2305",Pilosella officinarum,-73.195290999999997,44.498609000000002,cdround,USA,NA,PRESENT,"122",iNaturalist,"2422850562",https://www.inaturalist.org/observations/27288045,HUMAN_OBSERVATION,"2019","6","16",14:00.0,WGS84
"1882","2308",Pilosella officinarum,-64.700968000000003,44.533670999999998,cdround,CAN,NA,PRESENT,"15",iNaturalist,"2422853215",https://www.inaturalist.org/observations/27816754,HUMAN_OBSERVATION,"2019","6","26",46:00.0,WGS84
"1884","2310",Pilosella officinarum,-63.674512999999997,44.647723999999997,cdround,CAN,NA,PRESENT,"5",iNaturalist,"2429211019",https://www.inaturalist.org/observations/27167428,HUMAN_OBSERVATION,"2019","6","16",57:00.0,WGS84
"1927","2362",Pilosella officinarum,-79.457757999999998,46.301887000000001,cdround,CAN,NA,PRESENT,"81",iNaturalist,"3067760602",https://www.inaturalist.org/observations/27479129,HUMAN_OBSERVATION,"2019","6","20",40:00.0,WGS84
"1928","2363",Pilosella officinarum,-72.095983000000004,43.507869999999997,cdround,USA,NA,PRESENT,"4",iNaturalist,"3067912582",https://www.inaturalist.org/observations/27643257,HUMAN_OBSERVATION,"2019","6","25",46:06.0,WGS84
"1930","2365",Pilosella officinarum,-79.866698999999997,44.846561000000001,cdround,CAN,NA,PRESENT,"8",iNaturalist,"3090613528",https://www.inaturalist.org/observations/27570249,HUMAN_OBSERVATION,"2019","6","22",00:00.0,WGS84
"1953","2393",Pilosella officinarum,-81.252801000000005,44.994964000000003,cdround,CAN,NA,PRESENT,"66",iNaturalist,"2283259179",https://www.inaturalist.org/observations/28562092,HUMAN_OBSERVATION,"2019","7","10",21:40.0,WGS84
"2025","2477",Pilosella officinarum,-78.996962999999994,44.785463000000000,cdround,CAN,NA,PRESENT,"24",iNaturalist,"2366024417",https://www.inaturalist.org/observations/28449647,HUMAN_OBSERVATION,"2019","7","8",30:13.0,WGS84
"2037","2493",Pilosella officinarum,-76.373103999999998,42.390991999999997,cdround,USA,NA,PRESENT,"7",iNaturalist,"2422855025",https://www.inaturalist.org/observations/28181377,HUMAN_OBSERVATION,"2019","7","4",54:54.0,WGS84
"2041","2497",Pilosella officinarum,-68.735101999999998,44.870629999999998,cdround,USA,NA,PRESENT,"30",iNaturalist,"2422856368",https://www.inaturalist.org/observations/28449228,HUMAN_OBSERVATION,"2019","7","8",27:41.0,WGS84
"2045","2501",Pilosella officinarum,-64.677351999999999,44.721721000000002,cdround,CAN,NA,PRESENT,"31",iNaturalist,"2422859987",https://www.inaturalist.org/observations/29045367,HUMAN_OBSERVATION,"2019","7","17",26:00.0,WGS84
"2046","2502",Pilosella officinarum,-70.966660000000005,44.931793999999996,NA,USA,NA,PRESENT,"12",iNaturalist,"2422860110",https://www.inaturalist.org/observations/29072219,HUMAN_OBSERVATION,"2019","7","16",40:00.0,WGS84
"2048","2504",Pilosella officinarum,-121.855851000000001,45.998106999999997,cdround,USA,NA,PRESENT,"13",iNaturalist,"2422863502",https://www.inaturalist.org/observations/29554754,HUMAN_OBSERVATION,"2019","7","22",11:56.0,WGS84
"2050","2506",Pilosella officinarum,-81.708044999999998,45.230625000000003,cdround,CAN,NA,PRESENT,"141",iNaturalist,"2422866612",https://www.inaturalist.org/observations/29880935,HUMAN_OBSERVATION,"2019","7","20",41:00.0,WGS84
"2051","2507",Pilosella officinarum,-71.181048000000004,42.414541000000000,cdround,USA,NA,PRESENT,"180",iNaturalist,"2422868235",https://www.inaturalist.org/observations/30067370,HUMAN_OBSERVATION,"2019","7","31",39:00.0,WGS84
"2075","2534",Pilosella officinarum,-71.157516999999999,47.276755999999999,cdround,CAN,NA,PRESENT,"5",iNaturalist,"2611061432",https://www.inaturalist.org/observations/30352431,HUMAN_OBSERVATION,"2019","7","3",18:00.0,WGS84
"2193","2680",Pilosella officinarum,-71.206199999999995,48.482880000000002,NA,CAN,NA,PRESENT,"12",iNaturalist,"2422869444",https://www.inaturalist.org/observations/30215826,HUMAN_OBSERVATION,"2019","8","4",43:14.0,WGS84
"2194","2681",Pilosella officinarum,-81.533783000000000,45.115903000000003,cdround,CAN,NA,PRESENT,"8",iNaturalist,"2422870752",https://www.inaturalist.org/observations/30337507,HUMAN_OBSERVATION,"2019","8","4",26:44.0,WGS84
"2197","2685",Pilosella officinarum,-72.038674999999998,42.757195000000003,cdround,USA,NA,PRESENT,"86",iNaturalist,"2422885210",https://www.inaturalist.org/observations/31603611,HUMAN_OBSERVATION,"2019","8","13",48:00.0,WGS84
"2198","2686",Pilosella officinarum,-72.039317999999994,42.741391999999998,cdround,USA,NA,PRESENT,"8",iNaturalist,"2422885380",https://www.inaturalist.org/observations/31604504,HUMAN_OBSERVATION,"2019","8","13",42:00.0,WGS84
"2262","2763",Pilosella officinarum,-71.133246999999997,42.575473000000002,cdround,USA,NA,PRESENT,"30",iNaturalist,"2422975086",https://www.inaturalist.org/observations/32362503,HUMAN_OBSERVATION,"2019","9","8",36:37.0,WGS84
"2263","2764",Pilosella officinarum,-77.870054999999994,43.118670000000002,cdround,USA,NA,PRESENT,"10",iNaturalist,"2422988467",https://www.inaturalist.org/observations/32414470,HUMAN_OBSERVATION,"2019","9","9",41:16.0,WGS84
"2266","2768",Pilosella officinarum,-71.011599000000004,42.261443000000000,cdround,USA,NA,PRESENT,"12",iNaturalist,"2423021742",https://www.inaturalist.org/observations/32545293,HUMAN_OBSERVATION,"2019","9","11",38:18.0,WGS84
"2267","2769",Pilosella officinarum,-71.051038000000005,42.434744000000002,cdround,USA,NA,PRESENT,"13",iNaturalist,"2423025134",https://www.inaturalist.org/observations/32549787,HUMAN_OBSERVATION,"2019","9","11",58:24.0,WGS84
"2273","2775",Pilosella officinarum,-71.826800000000006,42.297643999999998,cdround,USA,NA,PRESENT,"5",iNaturalist,"2423148482",https://www.inaturalist.org/observations/33027559,HUMAN_OBSERVATION,"2019","9","19",09:48.0,WGS84
"2274","2776",Pilosella officinarum,-63.593165999999997,44.637331000000003,cdround,CAN,NA,PRESENT,"9",iNaturalist,"2423156584",https://www.inaturalist.org/observations/33057121,HUMAN_OBSERVATION,"2019","9","20",12:27.0,WGS84
"2276","2780",Pilosella officinarum,-79.973720999999998,44.238734999999998,cdround,CAN,NA,PRESENT,"12",iNaturalist,"2423172866",https://www.inaturalist.org/observations/33129962,HUMAN_OBSERVATION,"2019","9","21",38:22.0,WGS84
"2283","2787",Pilosella officinarum,-90.343954999999994,47.745659000000003,cdround,USA,NA,PRESENT,"5",iNaturalist,"2423250483",https://www.inaturalist.org/observations/33451392,HUMAN_OBSERVATION,"2019","9","26",28:54.0,WGS84
"2345","2859",Pilosella officinarum,-72.298006999999998,41.891745999999998,cdround,USA,NA,PRESENT,"71",iNaturalist,"2460039200",https://www.inaturalist.org/observations/34709019,HUMAN_OBSERVATION,"2019","10","12",55:00.0,WGS84
"2346","2860",Pilosella officinarum,-71.194171999999995,42.416339999999998,cdround,USA,NA,PRESENT,"297",iNaturalist,"2460060302",https://www.inaturalist.org/observations/34736950,HUMAN_OBSERVATION,"2019","10","13",25:00.0,WGS84
"2378","2896",Pilosella officinarum,-70.983974000000003,42.855103999999997,cdround,USA,NA,PRESENT,"5",iNaturalist,"2529325089",https://www.inaturalist.org/observations/36262869,HUMAN_OBSERVATION,"2019","12","1",17:17.0,WGS84
"2590","3184",Pilosella officinarum,-80.246769999999998,43.427641999999999,cdround,CAN,NA,PRESENT,"5",iNaturalist,"1848805407",https://www.inaturalist.org/observations/13098759,HUMAN_OBSERVATION,"2018","6","3",00:00.0,WGS84
"2610","3207",Pilosella officinarum,-76.103189999999998,44.899095000000003,cdround,CAN,NA,PRESENT,"305",iNaturalist,"1880485269",https://www.inaturalist.org/observations/13467292,HUMAN_OBSERVATION,"2018","6","15",15:02.0,WGS84
"2611","3208",Pilosella officinarum,-76.076272000000003,45.480136999999999,cdround,CAN,NA,PRESENT,"32",iNaturalist,"1880520984",https://www.inaturalist.org/observations/13591996,HUMAN_OBSERVATION,"2018","6","19",45:12.0,WGS84
"2613","3210",Pilosella officinarum,-63.674146000000000,44.670161000000000,cdround,CAN,NA,PRESENT,"5",iNaturalist,"1880527263",https://www.inaturalist.org/observations/13615248,HUMAN_OBSERVATION,"2018","6","20",00:20.0,WGS84
"2615","3214",Pilosella officinarum,-80.351865000000004,43.173963000000001,cdround,CAN,NA,PRESENT,"266",iNaturalist,"1880614763",https://www.inaturalist.org/observations/13957355,HUMAN_OBSERVATION,"2018","6","30",03:00.0,WGS84
"2616","3215",Pilosella officinarum,-79.384643999999994,45.840561999999998,cdround,CAN,NA,PRESENT,"6",iNaturalist,"1880617081",https://www.inaturalist.org/observations/13966536,HUMAN_OBSERVATION,"2018","6","27",29:55.0,WGS84
"2621","3220",Pilosella officinarum,-71.584491000000000,43.303170999999999,"gass84,osiic,colmafu,inmafu",USA,"1",PRESENT,"50",YPM,"1882646844",http://collections.peabody.yale.edu/search/Record/YU.254869,PRESERVED_SPECIMEN,"2018","6","14",00:00.0,WGS84
"2666","3273",Pilosella officinarum,-79.492834000000002,44.121392000000000,cdround,CAN,NA,PRESENT,"263",iNaturalist,"1883962031",https://www.inaturalist.org/observations/14731149,HUMAN_OBSERVATION,"2018","6","24",43:33.0,WGS84
"2744","3387",Pilosella officinarum,-80.103030000000004,43.414293000000001,cdround,CAN,NA,PRESENT,"5",iNaturalist,"3044568340",https://www.inaturalist.org/observations/13095671,HUMAN_OBSERVATION,"2018","6","3",00:00.0,WGS84
"2745","3388",Pilosella officinarum,-77.320059000000001,44.487256000000002,cdround,CAN,NA,PRESENT,"61",iNaturalist,"3059000341",https://www.inaturalist.org/observations/16814793,HUMAN_OBSERVATION,"2018","6","7",39:00.0,WGS84
"2747","3390",Pilosella officinarum,-75.226021000000003,45.206726000000003,cdround,CAN,NA,PRESENT,"92",iNaturalist,"3070611510",https://www.inaturalist.org/observations/13480942,HUMAN_OBSERVATION,"2018","6","11",39:00.0,WGS84
"2750","3393",Pilosella officinarum,-59.984777000000001,45.909557999999997,cdround,CAN,NA,PRESENT,"64",iNaturalist,"1880612272",https://www.inaturalist.org/observations/13947383,HUMAN_OBSERVATION,"2018","7","1",16:51.0,WGS84
"2796","3441",Pilosella officinarum,-69.663893999999999,44.559415000000001,cdround,USA,NA,PRESENT,"152",iNaturalist,"1890053096",https://www.inaturalist.org/observations/14854292,HUMAN_OBSERVATION,"2018","7","28",40:57.0,WGS84
"2797","3442",Pilosella officinarum,-63.737898999999999,44.651985000000003,cdround,CAN,NA,PRESENT,"10",iNaturalist,"1890069336",https://www.inaturalist.org/observations/14961238,HUMAN_OBSERVATION,"2018","7","30",18:00.0,WGS84
"2807","3452",Pilosella officinarum,-77.318836000000005,44.485010000000003,cdround,CAN,NA,PRESENT,"15",iNaturalist,"1986608355",https://www.inaturalist.org/observations/19500120,HUMAN_OBSERVATION,"2018","7","1",36:00.0,WGS84
"2898","3582",Pilosella officinarum,-80.983337000000006,44.647061999999998,cdround,CAN,NA,PRESENT,"10",iNaturalist,"2465088146",https://www.inaturalist.org/observations/15744072,HUMAN_OBSERVATION,"2018","8","19",47:33.0,WGS84
"2967","3680",Pilosella officinarum,-63.562063000000002,45.586891999999999,cdround,CAN,NA,PRESENT,"5",iNaturalist,"1920798108",https://www.inaturalist.org/observations/17219978,HUMAN_OBSERVATION,"2018","10","4",37:06.0,WGS84
"3008","3747",Pilosella officinarum,-72.146075999999994,43.591307000000000,cdround,USA,NA,PRESENT,"7",iNaturalist,"1944383799",https://www.inaturalist.org/observations/18295225,HUMAN_OBSERVATION,"2018","11","8",14:06.0,WGS84
"3034","3790",Pilosella officinarum,-63.185820999999997,46.244210000000002,cdround,CAN,NA,PRESENT,"66",iNaturalist,"1978854181",https://www.inaturalist.org/observations/19221896,HUMAN_OBSERVATION,"2018","12","25",36:53.0,WGS84
"3103","3897",Pilosella officinarum,-71.351416000000000,42.469675000000002,cdround,USA,NA,PRESENT,"224",iNaturalist,"1572335810",https://www.inaturalist.org/observations/6470516,HUMAN_OBSERVATION,"2017","5","28",37:00.0,WGS84
"3215","4043",Pilosella officinarum,-77.287358999999995,44.537551000000001,cdround,CAN,NA,PRESENT,"31",iNaturalist,"1580487763",https://www.inaturalist.org/observations/6813182,HUMAN_OBSERVATION,"2017","6","12",12:00.0,WGS84
"3216","4044",Pilosella officinarum,-79.863500000000002,44.850403999999997,cdround,CAN,NA,PRESENT,"5",iNaturalist,"1580488033",https://www.inaturalist.org/observations/6861508,HUMAN_OBSERVATION,"2017","6","30",40:43.0,WGS84
"3356","4236",Pilosella officinarum,-78.247465000000005,44.340077999999998,cdround,CAN,NA,PRESENT,"13",iNaturalist,"1572348264",https://www.inaturalist.org/observations/6877296,HUMAN_OBSERVATION,"2017","7","1",13:30.0,WGS84
"3357","4237",Pilosella officinarum,-79.031923000000006,44.680503000000002,cdround,CAN,NA,PRESENT,"2",iNaturalist,"1572371524",https://www.inaturalist.org/observations/6945217,HUMAN_OBSERVATION,"2017","7","5",20:00.0,WGS84
"3363","4243",Pilosella officinarum,-79.790947000000003,44.476632000000002,cdround,CAN,NA,PRESENT,"2",iNaturalist,"1584405213",https://www.inaturalist.org/observations/7054813,HUMAN_OBSERVATION,"2017","7","14",59:00.0,WGS84
"3364","4244",Pilosella officinarum,-60.423946000000001,46.150345999999999,cdround,CAN,NA,PRESENT,"488",iNaturalist,"1584431006",https://www.inaturalist.org/observations/7226159,HUMAN_OBSERVATION,"2017","7","23",34:00.0,WGS84
"3420","4309",Pilosella officinarum,-65.207644999999999,44.384827999999999,cdround,CAN,NA,PRESENT,"10",iNaturalist,"1807275422",https://www.inaturalist.org/observations/7154768,HUMAN_OBSERVATION,"2017","7","15",35:00.0,WGS84
"3489","4402",Pilosella officinarum,-79.577903000000006,44.662252000000002,cdround,CAN,NA,PRESENT,"16",iNaturalist,"3090628329",https://www.inaturalist.org/observations/7008581,HUMAN_OBSERVATION,"2017","7","10",38:26.0,WGS84
"3631","4591",Pilosella officinarum,-63.728175999999998,44.654099000000002,cdround,CAN,NA,PRESENT,"10",iNaturalist,"1880672108",https://www.inaturalist.org/observations/7915814,HUMAN_OBSERVATION,"2017","9","14",16:10.0,WGS84
"3822","4887",Pilosella officinarum,-72.248035999999999,43.795279000000001,cdround,USA,NA,PRESENT,"10",iNaturalist,"1562876458",https://www.inaturalist.org/observations/3332516,HUMAN_OBSERVATION,"2016","5","29",35:46.0,WGS84
"3882","4964",Pilosella officinarum,-72.571250000000006,41.724302999999999,cdround,USA,NA,PRESENT,"500",iNaturalist,"1272087856",https://www.inaturalist.org/observations/3377905,HUMAN_OBSERVATION,"2016","6","4",26:56.0,WGS84
"3883","4965",Pilosella officinarum,-72.640404000000004,41.782248000000003,cdround,USA,NA,PRESENT,"185",iNaturalist,"1272088928",https://www.inaturalist.org/observations/3381651,HUMAN_OBSERVATION,"2016","6","4",16:00.0,WGS84
"3884","4966",Pilosella officinarum,-72.639707000000001,41.782400000000003,cdround,USA,NA,PRESENT,"153",iNaturalist,"1272089174",https://www.inaturalist.org/observations/3382012,HUMAN_OBSERVATION,"2016","6","4",49:00.0,WGS84
"3941","5053",Pilosella officinarum,-70.001362999999998,41.700405000000003,cdround,USA,NA,PRESENT,"9",iNaturalist,"1562876945",https://www.inaturalist.org/observations/3477409,HUMAN_OBSERVATION,"2016","6","18",03:27.0,WGS84
"4661","6038",Pilosella officinarum,-72.256404000000003,41.811013000000003,NA,USA,NA,PRESENT,"5",iNaturalist,"2999168303",https://www.inaturalist.org/observations/1797493,HUMAN_OBSERVATION,"2015","7","24",49:42.0,WGS84
"5112","6644",Pilosella officinarum,-75.730945000000006,45.318702000000002,cdround,CAN,NA,PRESENT,"854",iNaturalist,"1990521324",https://www.inaturalist.org/observations/19699394,HUMAN_OBSERVATION,"2014","7","5",30:00.0,WGS84
"5387","6997",Pilosella officinarum,-70.210694000000004,43.625315000000001,NA,USA,NA,PRESENT,"347",iNaturalist,"1807269071",https://www.inaturalist.org/observations/333084,HUMAN_OBSERVATION,"2013","6","9",35:28.0,WGS84
"5472","7103",Pilosella officinarum,-66.003020000000006,48.390520000000002,"gass84,colmafu,inmano",CAN,NA,PRESENT,"1",UConn,"1212014011",NA,PRESERVED_SPECIMEN,"2013","7","1",00:00.0,WGS84
"5511","7151",Pilosella officinarum,-91.840362999999996,47.958143999999997,ambinst,USA,NA,PRESENT,"138",MIN,"2265467498",https://bellatlas.umn.edu:443/collections/individual/index.php?occid=267647,PRESERVED_SPECIMEN,"2013","7","15",00:00.0,WGS84
"5512","7152",Pilosella officinarum,-91.872057999999996,47.952454000000003,ambinst,USA,NA,PRESENT,"329",MIN,"2265469330",https://bellatlas.umn.edu:443/collections/individual/index.php?occid=267656,PRESERVED_SPECIMEN,"2013","7","17",00:00.0,WGS84
"5624","7285",Pilosella officinarum,-64.290619000000007,49.841304000000001,cdround,CAN,NA,PRESENT,"404",iNaturalist,"2366040996",https://www.inaturalist.org/observations/30846123,HUMAN_OBSERVATION,"2012","3","15",18:00.0,WGS84
"5797","7499",Pilosella officinarum,-63.726624000000001,45.587960000000002,NA,CAN,NA,PRESENT,"10",iNaturalist,"1805388790",https://www.inaturalist.org/observations/9449485,HUMAN_OBSERVATION,"2012","6","8",47:00.0,WGS84
"6407","8376",Pilosella officinarum,-60.559463000000001,46.297178000000002,cdround,CAN,NA,PRESENT,"627",iNaturalist,"1850898754",https://www.inaturalist.org/observations/11346484,HUMAN_OBSERVATION,"2011","7","30",13:00.0,WGS84
"7459","9866",Pilosella officinarum,-71.616241000000002,42.604149000000000,cdround,USA,NA,PRESENT,"4",iNaturalist,"2999165774",https://www.inaturalist.org/observations/66142847,HUMAN_OBSERVATION,"2008","5","31",01:00.0,WGS84
"7942","10483",Pilosella officinarum,-79.530277999999996,44.024721999999997,"cdround,colmafu,inmafu",CAN,NA,PRESENT,"60",Royal Ontario Museum,"1899346440",NA,PRESERVED_SPECIMEN,"2007","6","22",00:00.0,WGS84
"7957","10501",Pilosella officinarum,-62.243673999999999,45.657138000000003,cdround,CAN,NA,PRESENT,"140",iNaturalist,"3031603185",https://www.inaturalist.org/observations/67745292,HUMAN_OBSERVATION,"2007","6","22",24:00.0,WGS84
"7958","10502",Pilosella officinarum,-65.006671999999995,45.809182000000000,cdround,CAN,NA,PRESENT,"50",iNaturalist,"3031639261",https://www.inaturalist.org/observations/67776230,HUMAN_OBSERVATION,"2007","6","26",00:00.0,WGS84
"8065","10650",Pilosella officinarum,-91.161327999999997,47.408026000000000,ambinst,USA,NA,PRESENT,"800",MIN,"2265390155",https://bellatlas.umn.edu:443/collections/individual/index.php?occid=13959,PRESERVED_SPECIMEN,"2007","8","15",00:00.0,WGS84
"8206","10876",Pilosella officinarum,-81.667803000000006,45.257044000000000,cdround,CAN,NA,PRESENT,"488",iNaturalist,"2988410338",https://www.inaturalist.org/observations/65101113,HUMAN_OBSERVATION,"2006","6","10",03:00.0,WGS84
"8503","11328",Pilosella officinarum,-77.008519000000007,45.502764999999997,cdround,CAN,NA,PRESENT,"15",iNaturalist,"1993772133",https://www.inaturalist.org/observations/20189523,HUMAN_OBSERVATION,"2005","6","20",59:00.0,WGS84
"10055","13225",Pilosella officinarum,-61.239722000000000,45.611666999999997,"incomis,inmafu",CAN,NA,PRESENT,"100",CM,"2859055713",https://midatlanticherbaria.org/portal/collections/individual/index.php?occid=11858161,PRESERVED_SPECIMEN,"2000","7","11",00:00.0,WGS84
"10056","13226",Pilosella officinarum,-61.386667000000003,45.659722000000002,"incomis,inmafu",CAN,NA,PRESENT,"50",CM,"2859056747",https://midatlanticherbaria.org/portal/collections/individual/index.php?occid=11858149,PRESERVED_SPECIMEN,"2000","7","11",00:00.0,WGS84
"10278","13517",Pilosella officinarum,-91.225054000000000,47.493797000000001,ambinst,USA,NA,PRESENT,"800",MIN,"2265486090",https://bellatlas.umn.edu:443/collections/individual/index.php?occid=4259,PRESERVED_SPECIMEN,"1999","6","17",00:00.0,WGS84
"12834","16740",Pilosella officinarum,-73.021109999999993,41.965550000000000,"gass84,colmafu,inmano",USA,NA,PRESENT,"1",UConn,"415907646",NA,PRESERVED_SPECIMEN,"1981","6","10",00:00.0,WGS84
"13175","17319",Pilosella officinarum,-86.099258000000006,44.616256000000000,"gass84,colmano,inmafu",USA,NA,PRESENT,"1.31",MICH,"1989543597",NA,PRESERVED_SPECIMEN,"1975","6","16",00:00.0,WGS84
"13176","17320",Pilosella officinarum,-73.193157999999997,42.799010000000003,"colmano,inmafu",USA,NA,PRESENT,"276",NCU,"2234531023",https://sernecportal.org/portal/collections/individual/index.php?occid=20512871,PRESERVED_SPECIMEN,"1975","6","9",00:00.0,WGS84
"13532","6965067",Hieracium pilosella,-122.384940499999999,46.295933499999997,NA,NA,NA,NA,NA,NA,NA,NA,NA,"2017","5","25",05-25-17,WGS84
"13533","6965068",Hieracium pilosella,-122.377775600000007,46.286599500000001,NA,NA,NA,NA,NA,NA,NA,NA,NA,"2017","5","26",05-26-17,WGS84
"13534","6978601",Hieracium pilosella,-122.171802799999995,46.281412199999998,NA,NA,NA,NA,NA,NA,NA,NA,NA,"2017","7","24",07-24-17,WGS84
"13535","6978609",Hieracium pilosella,-121.819457999999997,46.061503000000002,NA,NA,NA,NA,NA,NA,NA,NA,NA,"2013","8","28",08-28-13,WGS84
"13536","6978613",Hieracium pilosella,-121.819235000000006,46.053916000000001,NA,NA,NA,NA,NA,NA,NA,NA,NA,"2013","8","28",08-28-13,WGS84
"13537","6978614",Hieracium pilosella,-121.830168999999998,46.051907999999997,NA,NA,NA,NA,NA,NA,NA,NA,NA,"2013","8","28",08-28-13,WGS84
"13538","6978612",Hieracium pilosella,-121.827268000000004,46.057174000000003,NA,NA,NA,NA,NA,NA,NA,NA,NA,"2013","8","28",08-28-13,WGS84
"13539","6978611",Hieracium pilosella,-121.831507999999999,46.061011999999998,NA,NA,NA,NA,NA,NA,NA,NA,NA,"2013","8","28",08-28-13,WGS84
"13540","6978610",Hieracium pilosella,-121.823965000000001,46.063823999999997,NA,NA,NA,NA,NA,NA,NA,NA,NA,"2013","8","28",08-28-13,WGS84
"13541","7028274",Hieracium pilosella,-121.973472799999996,46.430446400000001,NA,NA,NA,NA,NA,NA,NA,NA,NA,"2013","4","29",04-29-13,WGS84
"13542","7042267",Hieracium pilosella,-122.253338900000003,46.276246800000003,NA,NA,NA,NA,NA,NA,NA,NA,NA,"2014","6","26",06-26-14,WGS84
"13543","7042271",Hieracium pilosella,-122.262704299999996,46.274504600000000,NA,NA,NA,NA,NA,NA,NA,NA,NA,"2005","8","14",2005-08-14,WGS84
"13544","7044270",Hieracium pilosella,-121.583147999999994,46.656751999999997,NA,NA,NA,NA,NA,NA,NA,NA,NA,"2013","8","26",08-26-13,WGS84
"13545","7056698",Hieracium pilosella,-122.238755100000006,46.274729800000003,NA,NA,NA,NA,NA,NA,NA,NA,NA,"2008","2","16",2008-02-16,WGS84
"13546","7062390",Hieracium pilosella,-121.565579999999997,46.378844000000001,NA,NA,NA,NA,NA,NA,NA,NA,NA,"2008","7","14",2008-07-14,WGS84
"13547","7062392",Hieracium pilosella,-121.578210999999996,46.375005999999999,NA,NA,NA,NA,NA,NA,NA,NA,NA,"2008","7","14",2008-07-14,WGS84
"13548","7062391",Hieracium pilosella,-121.572363999999993,46.378666000000003,NA,NA,NA,NA,NA,NA,NA,NA,NA,"2008","7","14",2008-07-14,WGS84
"13549","7064630",Hieracium pilosella,-122.267109599999998,46.289783800000002,NA,NA,NA,NA,NA,NA,NA,NA,NA,"2005","12","14",2005-12-14,WGS84
"13550","7065141",Hieracium pilosella,-122.195374999999999,46.281427999999998,NA,NA,NA,NA,NA,NA,NA,NA,NA,"2014","6","18",06-18-14,WGS84
"13551","7066889",Hieracium pilosella,-121.512518000000000,46.414005000000003,NA,NA,NA,NA,NA,NA,NA,NA,NA,"2008","7","14",2008-07-14,WGS84
"13552","7066888",Hieracium pilosella,-121.508858000000004,46.414991000000001,NA,NA,NA,NA,NA,NA,NA,NA,NA,"2008","7","14",2008-07-14,WGS84
"13553","7084505",Hieracium pilosella,-121.929307600000001,46.565389500000002,NA,NA,NA,NA,NA,NA,NA,NA,NA,"2015","6","21",06-21-15,WGS84
"13554","7097395",Hieracium pilosella,-122.210521099999994,46.275614699999998,NA,NA,NA,NA,NA,NA,NA,NA,NA,"2012","6","13",06-13-12,WGS84
"13555","7099566",Hieracium pilosella,-121.937083700000002,46.569593500000003,NA,NA,NA,NA,NA,NA,NA,NA,NA,"2006","2","15",2006-02-15,WGS84
"13556","7099579",Hieracium pilosella,-121.523543000000004,46.457498000000001,NA,NA,NA,NA,NA,NA,NA,NA,NA,"2011","8","11",08-16-11,WGS84
"13557","7113987",Hieracium pilosella,-121.923915899999997,46.733112900000002,NA,NA,NA,NA,NA,NA,NA,NA,NA,"2007","11","17",2007-11-17,WGS84
"13558","7132689",Hieracium pilosella,-122.258740500000002,46.279197799999999,NA,NA,NA,NA,NA,NA,NA,NA,NA,"2005","8","14",2005-08-14,WGS84
"13559","7141900",Hieracium pilosella,-122.394247800000002,46.295435500000004,NA,NA,NA,NA,NA,NA,NA,NA,NA,"2014","5","15",05-15-14,WGS84
"13560","7141902",Hieracium pilosella,-122.246797900000004,46.277421900000000,NA,NA,NA,NA,NA,NA,NA,NA,NA,"2016","7","14",07-14-16,WGS84
"13561","7141904",Hieracium pilosella,-122.266002000000000,46.298811800000003,NA,NA,NA,NA,NA,NA,NA,NA,NA,"2016","6","16",06-16-16,WGS84
"13562","7154071",Hieracium pilosella,-122.227186399999994,46.278844100000001,NA,NA,NA,NA,NA,NA,NA,NA,NA,"2008","2","16",2008-02-16,WGS84
"13563","7191229",Hieracium pilosella,-121.755249599999999,46.617615000000001,NA,NA,NA,NA,NA,NA,NA,NA,NA,"2015","7","14",07-14-15,WGS84
"13564","7193688",Hieracium pilosella,-122.277576499999995,46.284735599999998,NA,NA,NA,NA,NA,NA,NA,NA,NA,"2016","7","13",07-13-16,WGS84
"13565","7198854",Hieracium pilosella,-122.201588299999997,46.285191400000002,NA,NA,NA,NA,NA,NA,NA,NA,NA,"2017","8","25",08-25-17,WGS84
"13566","7203462",Hieracium pilosella,-121.829879000000005,46.640497000000003,NA,NA,NA,NA,NA,NA,NA,NA,NA,"2009","6","11",2009-06-11,WGS84
"13567","7204853",Hieracium pilosella,-121.534496000000004,46.374670999999999,NA,NA,NA,NA,NA,NA,NA,NA,NA,"2017","7","14",07-14-17,WGS84
"13568","7231238",Hieracium pilosella,-121.810711999999995,46.685832800000000,NA,NA,NA,NA,NA,NA,NA,NA,NA,"2016","5","13",05-13-16,WGS84
"13569","7240315",Hieracium pilosella,-122.249366300000005,46.316203199999997,NA,NA,NA,NA,NA,NA,NA,NA,NA,"2016","7","21",07-21-16,WGS84
"13570","7240323",Hieracium pilosella,-122.305451899999994,46.298254800000002,NA,NA,NA,NA,NA,NA,NA,NA,NA,"2016","7","22",07-22-16,WGS84
"13571","7240322",Hieracium pilosella,-122.305694399999993,46.298479299999997,NA,NA,NA,NA,NA,NA,NA,NA,NA,"2016","7","22",07-22-16,WGS84
"13572","7275665",Hieracium pilosella,-122.267696099999995,46.284626500000002,NA,NA,NA,NA,NA,NA,NA,NA,NA,"2014","5","29",05-29-14,WGS84
"13573","7288801",Hieracium pilosella,-121.815364799999998,46.674599299999997,NA,NA,NA,NA,NA,NA,NA,NA,NA,"2006","12","14",2006-12-14,WGS84
"13574","7494129",Hieracium pilosella,-122.223031899999995,46.289645999999998,NA,NA,NA,NA,NA,NA,NA,NA,NA,"2007","9","12",2007-09-12,WGS84
"13575","7540399",Hieracium pilosella,-122.003278100000003,46.383600299999998,NA,NA,NA,NA,NA,NA,NA,NA,NA,"2010","3","16",2010-03-16,WGS84
"13576","7565747",Hieracium pilosella,-122.283493699999994,46.304865499999998,NA,NA,NA,NA,NA,NA,NA,NA,NA,"2007","2","12",2007-02-12,WGS84
"13577","7569504",Hieracium pilosella,-122.292471899999995,46.306317999999997,NA,NA,NA,NA,NA,NA,NA,NA,NA,"2007","2","12",2007-02-12,WGS84
"13578","7569505",Hieracium pilosella,-122.297933299999997,46.295403299999997,NA,NA,NA,NA,NA,NA,NA,NA,NA,"2012","6","28",06-28-12,WGS84
"13579","7576505",Hieracium pilosella,-121.831064600000005,46.637051499999998,NA,NA,NA,NA,NA,NA,NA,NA,NA,"2017","7","26",07-26-17,WGS84
"13580","7576751",Hieracium pilosella,-121.832929899999996,46.644789500000002,NA,NA,NA,NA,NA,NA,NA,NA,NA,"2017","7","20",07-20-17,WGS84
"13581","7584189",Hieracium pilosella,-122.275608000000005,46.303122299999998,NA,NA,NA,NA,NA,NA,NA,NA,NA,"2012","3","12",2007-03-12,WGS84
"1","3992445",Hieracium pilosella,-151.256470000000007,60.558349999999997,NA,NA,NA,NA,NA,NA,NA,NA,NA,"2004","9","20",09-20-04,WGS84
"2","3992446",Hieracium pilosella,-151.260850000000005,60.562629999999999,NA,NA,NA,NA,NA,NA,NA,NA,NA,"2006","7","27",07-27-06,WGS84
"4","3992448",Hieracium pilosella,-151.174389999999988,60.564869999999999,NA,NA,NA,NA,NA,NA,NA,NA,NA,"2010","6","25",06-25-10,WGS84
"5","3992449",Hieracium pilosella,-151.235899999999987,60.554569999999998,NA,NA,NA,NA,NA,NA,NA,NA,NA,"2010","6","29",06-29-10,WGS84
"16","13",Pilosella officinarum,-74.520491000000007,40.589340999999997,cdround,USA,NA,PRESENT,"122",iNaturalist,"2557814024",https://www.inaturalist.org/observations/37648566,HUMAN_OBSERVATION,"2020","1","13",39:00.0,WGS84
"17","14",Pilosella officinarum,-74.519920999999997,40.589655999999998,cdround,USA,NA,PRESENT,"122",iNaturalist,"2557814780",https://www.inaturalist.org/observations/37648315,HUMAN_OBSERVATION,"2020","1","13",35:00.0,WGS84
"26","26",Pilosella officinarum,-74.507836999999995,40.607813000000000,cdround,USA,NA,PRESENT,"15",iNaturalist,"2563646476",https://www.inaturalist.org/observations/38104270,HUMAN_OBSERVATION,"2020","1","23",53:00.0,WGS84
"62","74",Pilosella officinarum,-74.533023999999997,40.602921000000002,cdround,USA,NA,PRESENT,"9",iNaturalist,"2597837319",https://www.inaturalist.org/observations/41439037,HUMAN_OBSERVATION,"2020","4","5",33:00.0,WGS84
"74","91",Pilosella officinarum,-74.858270000000005,40.264913000000000,cdround,USA,NA,PRESENT,"85",iNaturalist,"2611075387",https://www.inaturalist.org/observations/43877174,HUMAN_OBSERVATION,"2020","4","26",23:00.0,WGS84
"172","210",Pilosella officinarum,-74.559379000000007,40.440206000000003,cdround,USA,NA,PRESENT,"70",iNaturalist,"2626188096",https://www.inaturalist.org/observations/46409090,HUMAN_OBSERVATION,"2020","5","16",04:00.0,WGS84
"199","237",Pilosella officinarum,-74.127975000000006,40.042257999999997,cdround,USA,NA,PRESENT,"12",iNaturalist,"2626468309",https://www.inaturalist.org/observations/46519778,HUMAN_OBSERVATION,"2020","5","19",38:38.0,WGS84
"257","311",Pilosella officinarum,-74.687903000000006,40.506633000000001,cdround,USA,NA,PRESENT,"8",iNaturalist,"2634065059",https://www.inaturalist.org/observations/47623689,HUMAN_OBSERVATION,"2020","5","25",31:00.0,WGS84
"278","332",Pilosella officinarum,-74.619574000000000,39.364086999999998,cdround,USA,NA,PRESENT,"13",iNaturalist,"2634275633",https://www.inaturalist.org/observations/44872904,HUMAN_OBSERVATION,"2020","5","4",49:13.0,WGS84
"573","696",Pilosella officinarum,-71.673260999999997,41.458556000000002,cdround,USA,NA,PRESENT,"10",iNaturalist,"2813868240",https://www.inaturalist.org/observations/51166319,HUMAN_OBSERVATION,"2020","6","27",53:57.0,WGS84
"598","736",Pilosella officinarum,-79.392352000000002,39.415132999999997,cdround,USA,NA,PRESENT,"2",iNaturalist,"2814185384",https://www.inaturalist.org/observations/51532337,HUMAN_OBSERVATION,"2020","6","30",22:00.0,WGS84
"1146","1427",Pilosella officinarum,-81.606786999999997,36.636930000000000,cdround,USA,NA,PRESENT,"25",iNaturalist,"2981003427",https://www.inaturalist.org/observations/55201340,HUMAN_OBSERVATION,"2020","8","2",24:36.0,WGS84
"1170","1456",Pilosella officinarum,-82.144806000000003,35.056759000000000,cdround,USA,NA,PRESENT,"65",iNaturalist,"3079765956",https://www.inaturalist.org/observations/58088215,HUMAN_OBSERVATION,"2020","8","30",09:43.0,WGS84
"1308","1627",Pilosella officinarum,-74.643271999999996,40.666868999999998,cdround,USA,NA,PRESENT,"303",iNaturalist,"2901816735",https://www.inaturalist.org/observations/62814775,HUMAN_OBSERVATION,"2020","10","17",43:00.0,WGS84
"1314","1633",Pilosella officinarum,-73.989763999999994,40.960287999999998,cdround,USA,NA,PRESENT,"15",iNaturalist,"2963854687",https://www.inaturalist.org/observations/63418721,HUMAN_OBSERVATION,"2020","10","24",41:24.0,WGS84
"1323","1643",Pilosella officinarum,-75.279583000000002,41.128985000000000,cdround,USA,NA,PRESENT,"13",iNaturalist,"2981007773",https://www.inaturalist.org/observations/63900332,HUMAN_OBSERVATION,"2020","10","31",05:21.0,WGS84
"1356","1685",Pilosella officinarum,-74.584638999999996,40.629387999999999,cdround,USA,NA,PRESENT,"187",iNaturalist,"2984561982",https://www.inaturalist.org/observations/64691552,HUMAN_OBSERVATION,"2020","11","10",57:00.0,WGS84
"1382","1716",Pilosella officinarum,-74.548591999999999,40.684399999999997,cdround,USA,NA,PRESENT,"136",iNaturalist,"3008416057",https://www.inaturalist.org/observations/66982110,HUMAN_OBSERVATION,"2020","12","15",22:00.0,WGS84
"1386","1722",Pilosella officinarum,-82.053420000000003,39.543712999999997,cdround,USA,NA,PRESENT,"13",iNaturalist,"1993713008",https://www.inaturalist.org/observations/19404109,HUMAN_OBSERVATION,"2019","1","3",06:36.0,WGS84
"1411","1751",Pilosella officinarum,-74.574436000000006,40.595731000000001,cdround,USA,NA,PRESENT,"225",iNaturalist,"2236846270",https://www.inaturalist.org/observations/22374464,HUMAN_OBSERVATION,"2019","4","12",18:00.0,WGS84
"1436","1782",Pilosella officinarum,-76.580366999999995,39.651679999999999,cdround,USA,NA,PRESENT,"8",iNaturalist,"2238819142",https://www.inaturalist.org/observations/23223685,HUMAN_OBSERVATION,"2019","4","26",09:33.0,WGS84
"1448","1799",Pilosella officinarum,-74.554396999999994,40.589157999999998,cdround,USA,NA,PRESENT,"198",iNaturalist,"2251830937",https://www.inaturalist.org/observations/21909623,HUMAN_OBSERVATION,"2019","4","1",18:00.0,WGS84
"1487","1846",Pilosella officinarum,-74.452568999999997,39.465352000000003,cdround,USA,NA,PRESENT,"5",iNaturalist,"2242940143",https://www.inaturalist.org/observations/24941100,HUMAN_OBSERVATION,"2019","5","11",29:01.0,WGS84
"1659","2052",Pilosella officinarum,-75.749047000000004,39.052861000000000,cdround,USA,NA,PRESENT,"6",iNaturalist,"2802688407",https://www.inaturalist.org/observations/25525772,HUMAN_OBSERVATION,"2019","5","21",17:36.0,WGS84
"1853","2275",Pilosella officinarum,-80.280517000000003,37.422916999999998,cdround,USA,NA,PRESENT,"5",iNaturalist,"2294432947",https://www.inaturalist.org/observations/27854371,HUMAN_OBSERVATION,"2019","6","23",28:28.0,WGS84
"2184","2670",Pilosella officinarum,-82.112027999999995,36.178348999999997,cdround,USA,NA,PRESENT,"5",iNaturalist,"2397649336",https://www.inaturalist.org/observations/31863607,HUMAN_OBSERVATION,"2019","8","31",27:21.0,WGS84
"2195","2682",Pilosella officinarum,-79.428608999999994,36.596666999999997,cdround,USA,NA,PRESENT,"5",iNaturalist,"2422872581",https://www.inaturalist.org/observations/30547476,HUMAN_OBSERVATION,"2019","8","10",27:32.0,WGS84
"2271","2773",Pilosella officinarum,-77.266904999999994,38.937488000000002,cdround,USA,NA,PRESENT,"8",iNaturalist,"2423127843",https://www.inaturalist.org/observations/32928202,HUMAN_OBSERVATION,"2019","9","17",14:44.0,WGS84
"2275","2779",Pilosella officinarum,-72.915944999999994,41.333371000000000,cdround,USA,NA,PRESENT,"10",iNaturalist,"2423166583",https://www.inaturalist.org/observations/33092691,HUMAN_OBSERVATION,"2019","9","20",53:12.0,WGS84
"2347","2861",Pilosella officinarum,-74.547042000000005,41.038463999999998,cdround,USA,NA,PRESENT,"40",iNaturalist,"2460163330",https://www.inaturalist.org/observations/34464182,HUMAN_OBSERVATION,"2019","10","16",27:57.0,WGS84
"2351","2865",Pilosella officinarum,-73.568969999999993,41.311096999999997,cdround,USA,NA,PRESENT,"230",iNaturalist,"2563468954",https://www.inaturalist.org/observations/34935371,HUMAN_OBSERVATION,"2019","10","26",28:16.0,WGS84
"2377","2895",Pilosella officinarum,-74.274827000000002,40.405284999999999,cdround,USA,NA,PRESENT,"20",iNaturalist,"2529314454",https://www.inaturalist.org/observations/36708744,HUMAN_OBSERVATION,"2019","12","16",13:59.0,WGS84
"2387","2908",Pilosella officinarum,-74.401560000000003,40.637030000000003,cdround,USA,NA,PRESENT,"194",iNaturalist,"1806358981",https://www.inaturalist.org/observations/9612952,HUMAN_OBSERVATION,"2018","1","23",37:00.0,WGS84
"2582","3175",Pilosella officinarum,-74.827538000000004,39.375709999999998,cdround,USA,NA,PRESENT,"244",iNaturalist,"3070490490",https://www.inaturalist.org/observations/12891303,HUMAN_OBSERVATION,"2018","5","27",25:00.0,WGS84
"2596","3192",Pilosella officinarum,-73.150672000000000,40.752920000000003,cdround,USA,NA,PRESENT,"10",iNaturalist,"1850908099",https://www.inaturalist.org/observations/13045771,HUMAN_OBSERVATION,"2018","6","2",28:49.0,WGS84
"2612","3209",Pilosella officinarum,-79.512152000000000,40.711872999999997,cdround,USA,NA,PRESENT,"25",iNaturalist,"1880525473",https://www.inaturalist.org/observations/13608038,HUMAN_OBSERVATION,"2018","6","20",44:14.0,WGS84
"2665","3272",Pilosella officinarum,-74.401279000000002,40.684108000000002,cdround,USA,NA,PRESENT,"262",iNaturalist,"1883468951",https://www.inaturalist.org/observations/14038367,HUMAN_OBSERVATION,"2018","6","5",49:00.0,WGS84
"2694","3306",Pilosella officinarum,-74.445925000000003,40.578608000000003,cdround,USA,NA,PRESENT,"217",iNaturalist,"1901071459",https://www.inaturalist.org/observations/16212006,HUMAN_OBSERVATION,"2018","6","4",47:00.0,WGS84
"2695","3307",Pilosella officinarum,-74.618886000000003,40.568655000000000,cdround,USA,NA,PRESENT,"174",iNaturalist,"1913174574",https://www.inaturalist.org/observations/16374173,HUMAN_OBSERVATION,"2018","6","6",16:00.0,WGS84
"2832","3492",Pilosella officinarum,-74.616225999999997,40.589115999999997,cdround,USA,NA,PRESENT,"91",iNaturalist,"2235546485",https://www.inaturalist.org/observations/21956226,HUMAN_OBSERVATION,"2018","7","18",43:00.0,WGS84
"2892","3576",Pilosella officinarum,-74.654449999999997,39.644903999999997,cdround,USA,NA,PRESENT,"894",iNaturalist,"2235467195",https://www.inaturalist.org/observations/15583575,HUMAN_OBSERVATION,"2018","8","13",42:00.0,WGS84
"2894","3578",Pilosella officinarum,-80.290450000000007,37.437162000000001,cdround,USA,NA,PRESENT,"5",iNaturalist,"2294402648",https://www.inaturalist.org/observations/16195469,HUMAN_OBSERVATION,"2018","8","31",02:31.0,WGS84
"2895","3579",Pilosella officinarum,-75.132028000000005,39.510123000000000,cdround,USA,NA,PRESENT,"115",iNaturalist,"2350352946",https://www.inaturalist.org/observations/30535732,HUMAN_OBSERVATION,"2018","8","14",22:00.0,WGS84
"2896","3580",Pilosella officinarum,-75.122767999999994,41.425448000000003,cdround,USA,NA,PRESENT,"91",iNaturalist,"2422850813",https://www.inaturalist.org/observations/27350436,HUMAN_OBSERVATION,"2018","8","9",04:00.0,WGS84
"3054","3824",Pilosella officinarum,-74.487734000000003,40.555335999999997,cdround,USA,NA,PRESENT,"116",iNaturalist,"1457589454",https://www.inaturalist.org/observations/5516759,HUMAN_OBSERVATION,"2017","3","29",06:00.0,WGS84
"3630","4590",Pilosella officinarum,-74.481639999999999,40.662280000000003,cdround,USA,NA,PRESENT,"636",iNaturalist,"1850993559",https://www.inaturalist.org/observations/7972600,HUMAN_OBSERVATION,"2017","9","14",55:00.0,WGS84
"3641","4616",Pilosella officinarum,-82.476944000000003,34.971389000000002,"colmano,inmafu",USA,NA,PRESENT,"100",NCU,"2234529315",https://sernecportal.org/portal/collections/individual/index.php?occid=20510469,MACHINE_OBSERVATION,"2017","9","6",00:00.0,WGS84
"3656","4635",Pilosella officinarum,-74.488050000000001,40.794155000000003,cdround,USA,NA,PRESENT,"77",iNaturalist,"1677302788",https://www.inaturalist.org/observations/8412610,HUMAN_OBSERVATION,"2017","10","10",47:00.0,WGS84
"3715","4729",Pilosella officinarum,-74.563041999999996,40.621659000000001,NA,USA,NA,PRESENT,"20",iNaturalist,"1453075547",https://www.inaturalist.org/observations/2745042,HUMAN_OBSERVATION,"2016","3","4",00:00.0,WGS84
"3716","4730",Pilosella officinarum,-74.449844999999996,40.638975000000002,NA,USA,NA,PRESENT,"25",iNaturalist,"1453076461",https://www.inaturalist.org/observations/2773486,HUMAN_OBSERVATION,"2016","3","12",00:00.0,WGS84
"3737","4761",Pilosella officinarum,-74.455309999999997,40.635354000000000,NA,USA,NA,PRESENT,"198",iNaturalist,"1453079770",https://www.inaturalist.org/observations/2910588,HUMAN_OBSERVATION,"2016","4","8",00:00.0,WGS84
"3817","4882",Pilosella officinarum,-74.501602000000005,40.523263000000000,NA,USA,NA,PRESENT,"544",iNaturalist,"1453088983",https://www.inaturalist.org/observations/3280765,HUMAN_OBSERVATION,"2016","5","14",00:00.0,WGS84
"4316","5582",Pilosella officinarum,-76.850757000000002,38.754600000000003,cdround,USA,NA,PRESENT,"7",iNaturalist,"1453255767",https://www.inaturalist.org/observations/4672094,HUMAN_OBSERVATION,"2016","12","1",51:34.0,WGS84
"4350","5634",Pilosella officinarum,-76.850161000000000,39.283150999999997,NA,USA,NA,PRESENT,"189",iNaturalist,"1088979663",https://www.inaturalist.org/observations/1486204,HUMAN_OBSERVATION,"2015","5","9",00:00.0,WGS84
"4558","5913",Pilosella officinarum,-79.334153999999998,41.350946000000000,"incomis,inmafu",USA,NA,PRESENT,"338",CM,"2859055928",https://midatlanticherbaria.org/portal/collections/individual/index.php?occid=11862481,PRESERVED_SPECIMEN,"2015","6","3",00:00.0,WGS84
"4660","6037",Pilosella officinarum,-75.304877000000005,41.234405000000002,"incomis,inmafu",USA,NA,PRESENT,"820",CM,"2859219566",https://midatlanticherbaria.org/portal/collections/individual/index.php?occid=19217587,PRESERVED_SPECIMEN,"2015","7","7",00:00.0,WGS84
"6606","8610",Pilosella officinarum,-80.961100000000002,35.591217000000000,"colmano,inmafu",USA,NA,PRESENT,"100",NCU,"2234482665",https://sernecportal.org/portal/collections/individual/index.php?occid=17233775,PRESERVED_SPECIMEN,"2010","5","9",00:00.0,WGS84
"11075","14480",Pilosella officinarum,-72.334029999999998,41.425669999999997,"gass84,colmafu,inmano",USA,NA,PRESENT,"1",UConn,"415945994",NA,PRESERVED_SPECIMEN,"1996","6","14",00:00.0,WGS84
"11297","14747",Pilosella officinarum,-73.236940000000004,41.476109999999998,"gass84,colmafu,inmano",USA,NA,PRESENT,"3",UConn,"415960101",NA,PRESERVED_SPECIMEN,"1995","5","30",00:00.0,WGS84
"11726","15247",Pilosella officinarum,-80.927593000000002,40.213957999999998,"incomis,inmafu",USA,NA,PRESENT,"100",CM,"2859301191",https://midatlanticherbaria.org/portal/collections/individual/index.php?occid=11846786,PRESERVED_SPECIMEN,"1994","8","9",00:00.0,WGS84
"11928","15491",Pilosella officinarum,-82.885253000000006,35.347397000000001,"colmano,inmafu",USA,NA,PRESENT,"100",NCU,"2234530034",https://sernecportal.org/portal/collections/individual/index.php?occid=20511620,PRESERVED_SPECIMEN,"1993","8","9",00:00.0,WGS84
"12206","15846",Pilosella officinarum,-81.579221000000004,36.647365000000001,"gass84,colmano,inmafu",USA,NA,PRESENT,"543",WCUH,"2273377095",https://sernecportal.org/portal/collections/individual/index.php?occid=6758613,PRESERVED_SPECIMEN,"1990","6","5",00:00.0,WGS84
"13394","17675",Pilosella officinarum,-83.579882999999995,35.030925000000003,"gass84,colmano,inmafu",USA,NA,PRESENT,"800",WCUH,"2273377397",https://sernecportal.org/portal/collections/individual/index.php?occid=6758606,PRESERVED_SPECIMEN,"1972","6","13",00:00.0,WGS84
